order_id|email|transactions_timestamp|total_item_quantity|purchase_revenue_in_usd|unique_items|items
298592|sandovalaustin@holder.com|1592629288475307|1|850.5|1|[{'coupon': 'NEWBED10'
299024|msmith@monroe.com|1592636869915092|2|1092.6|2|[{'coupon': 'NEWBED10'
300048|robertstimothy@hotmail.com|1592649862529478|1|1075.5|1|[{'coupon': 'NEWBED10'
298711|lovejamie@yahoo.com|1592631406799948|1|850.5|1|[{'coupon': 'NEWBED10'
301760|jennifer7054@gmail.com|1592661071882666|1|940.5|1|[{'coupon': 'NEWBED10'
302809|ywhite@kane.org|1592665563660982|1|1075.5|1|[{'coupon': 'NEWBED10'
309136|karen61@hotmail.com|1592689638083947|1|1795.5|1|[{'coupon': 'NEWBED10'
303941|deborah18@conrad-gallagher.com|1592669885794924|1|850.5|1|[{'coupon': 'NEWBED10'
305920|khanedwin@gmail.com|1592676863608194|1|1075.5|1|[{'coupon': 'NEWBED10'
298795|samantha4354@hotmail.com|1592632916516773|1|985.5|1|[{'coupon': 'NEWBED10'
302804|evelyn47@gmail.com|1592665548625497|1|1795.5|1|[{'coupon': 'NEWBED10'
301295|fosteradam@velez.com|1592658481727741|1|1525.5|1|[{'coupon': 'NEWBED10'
309987|jasonwilliams@webster.info|1592694259561983|1|1075.5|1|[{'coupon': 'NEWBED10'
300375|jruiz@yahoo.com|1592652450538947|1|535.5|1|[{'coupon': 'NEWBED10'
304351|ysalazar95@yahoo.com|1592671391707893|1|1075.5|1|[{'coupon': 'NEWBED10'
309404|hurleyadam@yahoo.com|1592690890611865|1|535.5|1|[{'coupon': 'NEWBED10'
309982|tracy02@hotmail.com|1592694234297909|1|53.1|1|[{'coupon': 'NEWBED10'
301759|schwartzkathleen@hotmail.com|1592661062488895|1|985.5|1|[{'coupon': 'NEWBED10'
308128|jay00@clark.com|1592685148658822|1|1615.5|1|[{'coupon': 'NEWBED10'
297368|derek05@stark.com|1592612875854409|2|1064.0|2|[{'coupon': None
297506|owoods94@hotmail.com|1592614356525616|1|945.0|1|[{'coupon': None
297581|ysilva36@yahoo.com|1592614954832869|1|945.0|1|[{'coupon': None
297538|jennifer42@carpenter-owens.com|1592614582811204|1|1095.0|1|[{'coupon': None
297530|boydkatie@hotmail.com|1592614527432637|1|1095.0|1|[{'coupon': None
297976|dicksonjanet@brown.net|1592619908363676|1|1045.0|1|[{'coupon': None
299157|lauracruz@gmail.com|1592639145726365|1|1995.0|1|[{'coupon': None
299655|mitchell52@yahoo.com|1592645548817756|2|754.0|2|[{'coupon': None
299887|stacie24@aguirre.org|1592648291732964|1|1045.0|1|[{'coupon': None
300164|abranch@walton.info|1592650815520355|1|595.0|1|[{'coupon': None
300272|andrew432@gmail.com|1592651806352366|1|1195.0|1|[{'coupon': None
301348|richardmegan@bailey.com|1592658780487580|1|1045.0|1|[{'coupon': None
300944|matthew97@reed.com|1592656529862718|1|1195.0|1|[{'coupon': None
301185|cherylsimpson@yahoo.com|1592657860084750|1|945.0|1|[{'coupon': None
300712|jacksonashley@webb.com|1592655029701273|1|59.0|1|[{'coupon': None
302420|stacy01@mendoza.com|1592663952584298|1|595.0|1|[{'coupon': None
301297|twhite@evans.com|1592658494266152|2|1124.0|2|[{'coupon': None
302264|deniselyons@hotmail.com|1592663310113002|1|1045.0|1|[{'coupon': None
302173|deanyoung@daniels.org|1592662891205529|1|1195.0|1|[{'coupon': None
303132|matthewgreen@gonzalez-leon.org|1592666797720013|1|1995.0|1|[{'coupon': None
301919|jsmith@bush.com|1592661851899322|1|119.0|1|[{'coupon': None
302292|proberts26@hotmail.com|1592663403503483|1|945.0|1|[{'coupon': None
302573|laurengarza@hotmail.com|1592664568142837|1|1045.0|1|[{'coupon': None
303051|kristen3414@hotmail.com|1592666528648533|1|595.0|1|[{'coupon': None
303254|diazwilliam62@yahoo.com|1592667280807392|1|595.0|1|[{'coupon': None
303097|michellemacias@gmail.com|1592666676272647|1|1045.0|1|[{'coupon': None
302765|joan51@ruiz.biz|1592665382973015|1|595.0|1|[{'coupon': None
303416|kempjon@silva.com|1592667866273968|1|1045.0|1|[{'coupon': None
302496|benjaminnichols@yahoo.com|1592664294109779|1|1195.0|1|[{'coupon': None
304171|james66@fletcher.biz|1592670784122769|1|79.0|1|[{'coupon': None
303183|andrew82@hotmail.com|1592666998040994|2|1190.0|1|[{'coupon': None
304226|lmills@taylor-mooney.com|1592670979414245|1|1195.0|1|[{'coupon': None
303237|brentdiaz@burgess-atkinson.com|1592667215956111|1|1195.0|1|[{'coupon': None
305446|bailey13@petersen.com|1592675175250972|1|1045.0|1|[{'coupon': None
304597|hutchinsongabriel@lewis.biz|1592672254943819|1|1045.0|1|[{'coupon': None
304282|natasha25@hotmail.com|1592671193411656|1|945.0|1|[{'coupon': None
305627|jaimeflores@hotmail.com|1592675852367174|1|1045.0|1|[{'coupon': None
305490|morenoeric27@yahoo.com|1592675337481078|1|595.0|1|[{'coupon': None
306248|fullerkevin@grimes-white.info|1592677961480423|1|1195.0|1|[{'coupon': None
306689|justinrichards@barnes.net|1592679558101743|1|1195.0|1|[{'coupon': None
306798|barkerdavid@hotmail.com|1592679964564146|1|595.0|1|[{'coupon': None
308394|rogerscaitlin@perez-martin.info|1592686064303860|1|1795.0|1|[{'coupon': None
307757|larnold1@yahoo.com|1592683664996769|2|2154.0|2|[{'coupon': None
307749|petercarr@collins-zamora.org|1592683630403929|1|1195.0|1|[{'coupon': None
307169|tamara74@yahoo.com|1592681270050903|1|945.0|1|[{'coupon': None
307843|lmartin10@hotmail.com|1592684013944963|1|595.0|1|[{'coupon': None
307928|danielramirez@lamb.org|1592684321889135|1|595.0|1|[{'coupon': None
307375|stephensondrew@yahoo.com|1592682067588649|2|1024.0|2|[{'coupon': None
307511|epacheco@moore-walker.com|1592682636952379|1|1045.0|1|[{'coupon': None
308851|perryjennifer@yahoo.com|1592688179658582|2|714.0|2|[{'coupon': None
309643|debrasullivan@gmail.com|1592692209334240|1|595.0|1|[{'coupon': None
308962|hayesallison@yahoo.com|1592688685180888|1|1045.0|1|[{'coupon': None
308764|clarkkimberly77@gmail.com|1592687719706241|1|1995.0|1|[{'coupon': None
310090|deborah26@gross.com|1592695003892237|1|595.0|1|[{'coupon': None
308947|jgreen23@gmail.com|1592688616895335|1|119.0|1|[{'coupon': None
309554|uaguirre@ray.com|1592691712154980|1|945.0|1|[{'coupon': None
310111|yatesjessica@bass-hernandez.com|1592695146467428|1|1195.0|1|[{'coupon': None
310216|cvasquez71@yahoo.com|1592695702972233|1|595.0|1|[{'coupon': None
310089|margaret28@yahoo.com|1592694993999007|1|1795.0|1|[{'coupon': None
310447|joshuaclark@hotmail.com|1592697266904879|1|1195.0|1|[{'coupon': None
298304|ddavis@kim-patterson.com|1592624618084340|1|940.5|1|[{'coupon': 'NEWBED10'
300637|castromary@fowler.com|1592654465902572|1|940.5|1|[{'coupon': 'NEWBED10'
298382|wgarrett@johnson.com|1592625874015241|1|1075.5|1|[{'coupon': 'NEWBED10'
299408|angelaperez@grant.com|1592642670949569|1|1795.5|1|[{'coupon': 'NEWBED10'
298523|diamond16@gmail.com|1592628225345903|1|1075.5|1|[{'coupon': 'NEWBED10'
301052|jennadennis@aguirre.com|1592657073838014|1|1075.5|1|[{'coupon': 'NEWBED10'
303573|davidsmith@castro-gonzalez.com|1592668479939435|1|535.5|1|[{'coupon': 'NEWBED10'
300462|cassandra36@hotmail.com|1592653142215904|1|535.5|1|[{'coupon': 'NEWBED10'
299205|kimberly9273@hotmail.com|1592639931792200|2|1686.6|2|[{'coupon': 'NEWBED10'
309708|davidgomez@hotmail.com|1592692618419794|1|940.5|1|[{'coupon': 'NEWBED10'
299936|hhall@trujillo-daniels.com|1592648736206617|1|940.5|1|[{'coupon': 'NEWBED10'
307813|richardsonbrandi@yahoo.com|1592683898324872|1|535.5|1|[{'coupon': 'NEWBED10'
307324|tonyafranklin@gmail.com|1592681886392225|1|1615.5|1|[{'coupon': 'NEWBED10'
300064|benjaminhampton@hotmail.com|1592650045283060|1|53.1|1|[{'coupon': 'NEWBED10'
309893|randolphjon@rivera.net|1592693724353192|2|1071.0|1|[{'coupon': 'NEWBED10'
304698|ericsanchez@parker.com|1592672605182288|1|1525.5|1|[{'coupon': 'NEWBED10'
308814|warrentracy@figueroa-stephens.com|1592687980675816|1|940.5|1|[{'coupon': 'NEWBED10'
305752|harrissandra@williams.com|1592676282139698|1|535.5|1|[{'coupon': 'NEWBED10'
301318|wrightchristopher67@yahoo.com|1592658632768751|1|1075.5|1|[{'coupon': 'NEWBED10'
300312|whiteheather@banks.biz|1592651983723118|1|985.5|1|[{'coupon': 'NEWBED10'
299521|dixonamber@roberson-adkins.biz|1592643966615421|1|1075.5|1|[{'coupon': 'NEWBED10'
298746|browncurtis@sims.com|1592631990019508|1|53.1|1|[{'coupon': 'NEWBED10'
306498|ndavis@young-neal.com|1592678895659054|1|850.5|1|[{'coupon': 'NEWBED10'
305676|thomasjodi@hotmail.com|1592676044186183|1|107.10000000000001|1|[{'coupon': 'NEWBED10'
303829|brandonsawyer@proctor.biz|1592669402129827|1|940.5|1|[{'coupon': 'NEWBED10'
297343|jholmes@velazquez.biz|1592612661171890|2|1204.0|2|[{'coupon': None
297200|vjames@young-frazier.info|1592611585832474|1|159.0|1|[{'coupon': None
297670|kenneth1288@hotmail.com|1592615945384494|1|595.0|1|[{'coupon': None
298287|doylematthew@johnson-webb.com|1592624486746755|2|1190.0|1|[{'coupon': None
299611|blake16@simpson.com|1592645133111829|1|119.0|1|[{'coupon': None
300221|howemarissa@cantu-adams.com|1592651417412510|1|1045.0|1|[{'coupon': None
300013|shanestephens@thompson.org|1592649564817120|1|595.0|1|[{'coupon': None
300319|joseph9879@yahoo.com|1592652029416211|1|1795.0|1|[{'coupon': None
300111|cookmichael@gmail.com|1592650349411577|1|59.0|1|[{'coupon': None
300099|icameron@hotmail.com|1592650225022531|1|595.0|1|[{'coupon': None
300427|alexander21@rogers.com|1592652782751181|2|654.0|2|[{'coupon': None
300151|burgessbrandon@wong-price.com|1592650705141173|1|119.0|1|[{'coupon': None
301122|cunninghamdavid@rodgers.com|1592657486339894|1|945.0|1|[{'coupon': None
300658|mcollins@adams.com|1592654624630663|1|1095.0|1|[{'coupon': None
300721|acevedokenneth@hotmail.com|1592655071651204|1|1045.0|1|[{'coupon': None
302244|madison30@gmail.com|1592663244914410|1|1195.0|1|[{'coupon': None
302693|lwhitehead@burns-smith.com|1592665072634179|2|1274.0|2|[{'coupon': None
301765|daviscarrie97@gmail.com|1592661084667163|2|2190.0|1|[{'coupon': None
303471|jacob26@gmail.com|1592668089092536|1|1195.0|1|[{'coupon': None
302148|vwilliams@harper.com|1592662809245219|2|1254.0|2|[{'coupon': None
302391|huangjodi@jackson.com|1592663830073174|1|595.0|1|[{'coupon': None
304182|vhowell@wallace.net|1592670829176621|1|1795.0|1|[{'coupon': None
302824|cheryl46@franco.org|1592665603172335|1|1045.0|1|[{'coupon': None
303589|freemanlisa@yahoo.com|1592668526154274|2|1190.0|1|[{'coupon': None
304025|larry58@gmail.com|1592670182448741|1|945.0|1|[{'coupon': None
303586|deanlopez@hotmail.com|1592668515193998|2|2140.0|2|[{'coupon': None
304247|thomasjesse@norman.biz|1592671074129349|1|1195.0|1|[{'coupon': None
303560|mbrown@salazar-wallace.com|1592668444833531|1|595.0|1|[{'coupon': None
304658|jacobolsen@gmail.com|1592672484812438|1|1195.0|1|[{'coupon': None
304842|fosteranna@hotmail.com|1592673065446359|1|79.0|1|[{'coupon': None
304476|lloyddaniel@burnett-chavez.net|1592671819051977|2|1190.0|1|[{'coupon': None
305746|linda62@stark.com|1592676269250720|1|1795.0|1|[{'coupon': None
305091|alice68@gmail.com|1592673984588804|1|1045.0|1|[{'coupon': None
305411|lorisanchez@maxwell.biz|1592675070093484|1|595.0|1|[{'coupon': None
305018|erikapowell@smith.com|1592673692773498|1|1045.0|1|[{'coupon': None
305758|jeffrey196@yahoo.com|1592676321184022|1|1695.0|1|[{'coupon': None
306490|pamela71@gmail.com|1592678839796781|1|1195.0|1|[{'coupon': None
306140|ldrake@le-robinson.biz|1592677602167678|1|1095.0|1|[{'coupon': None
305033|usandoval7@hotmail.com|1592673756104978|1|1195.0|1|[{'coupon': None
305322|carterbryce@hotmail.com|1592674818353397|1|945.0|1|[{'coupon': None
306773|fhensley@gibson-mcgee.info|1592679857734642|1|1095.0|1|[{'coupon': None
306901|kathleen53@yahoo.com|1592680293233953|1|595.0|1|[{'coupon': None
306454|thomasconner@yahoo.com|1592678725661970|2|1004.0|2|[{'coupon': None
306968|andrew61@gmail.com|1592680538343358|1|1045.0|1|[{'coupon': None
305888|bettymccarthy@williams.com|1592676751229266|1|595.0|1|[{'coupon': None
306170|pscott@flowers.org|1592677730802649|1|119.0|1|[{'coupon': None
307958|brooke29@gmail.com|1592684415956872|1|1195.0|1|[{'coupon': None
307147|michael4047@hotmail.com|1592681200563060|1|1045.0|1|[{'coupon': None
306426|maryadams@dennis.com|1592678645333462|2|1190.0|1|[{'coupon': None
306979|emilysosa@summers.com|1592680593907385|1|1195.0|1|[{'coupon': None
307472|vazquezmatthew@clark.com|1592682477735933|1|1045.0|1|[{'coupon': None
307058|valerie47@hotmail.com|1592680875814325|1|945.0|1|[{'coupon': None
307047|bateschristy@pugh.org|1592680851339025|1|595.0|1|[{'coupon': None
307078|cummingsjose@gmail.com|1592680941612075|1|945.0|1|[{'coupon': None
308535|sjensen@gmail.com|1592686702086983|2|754.0|2|[{'coupon': None
307745|ellisondeborah@yahoo.com|1592683624044715|1|1095.0|1|[{'coupon': None
307748|coreyduncan@cervantes-valentine.com|1592683627845647|1|1695.0|1|[{'coupon': None
308104|qgray43@hotmail.com|1592685078212782|2|2090.0|1|[{'coupon': None
308733|johnsondustin@roberts.biz|1592687601943039|1|595.0|1|[{'coupon': None
310001|castromatthew@yahoo.com|1592694353906717|1|1795.0|1|[{'coupon': None
309504|kevin4155@hotmail.com|1592691450633487|1|595.0|1|[{'coupon': None
309339|william02@yahoo.com|1592690567954971|2|2890.0|2|[{'coupon': None
309671|sanchezjessica@flores.biz|1592692414001836|2|1214.0|2|[{'coupon': None
309781|wendy56@griffin.info|1592692989050765|1|1195.0|1|[{'coupon': None
298991|jamie3419@hotmail.com|1592636268357203|1|940.5|1|[{'coupon': 'NEWBED10'
297862|rosschristina@wallace.net|1592618272162770|1|850.5|1|[{'coupon': 'NEWBED10'
303389|xhaney@page.com|1592667782519682|1|940.5|1|[{'coupon': 'NEWBED10'
306041|usheppard@yahoo.com|1592677223726467|1|535.5|1|[{'coupon': 'NEWBED10'
299643|ricky89@hotmail.com|1592645438462703|1|1075.5|1|[{'coupon': 'NEWBED10'
299247|tharrison@gmail.com|1592640497577252|1|940.5|1|[{'coupon': 'NEWBED10'
304926|flevine@burns-anderson.biz|1592673361220548|1|143.1|1|[{'coupon': 'NEWBED10'
300181|adam28@pennington.com|1592650924101253|1|985.5|1|[{'coupon': 'NEWBED10'
299397|vcastillo@rivera.com|1592642523638093|1|940.5|1|[{'coupon': 'NEWBED10'
303194|terrijohnson@may.com|1592667042479608|1|1615.5|1|[{'coupon': 'NEWBED10'
300388|kellykaren@cannon-delgado.com|1592652574967067|2|2466.0|2|[{'coupon': 'NEWBED10'
301873|kimrachel@jones-bray.com|1592661659119601|1|940.5|1|[{'coupon': 'NEWBED10'
300948|calderonrobert@perez.com|1592656537009813|1|535.5|1|[{'coupon': 'NEWBED10'
309451|joel39@yahoo.com|1592691166716509|1|535.5|1|[{'coupon': 'NEWBED10'
304329|gary00@hotmail.com|1592671345396168|1|1795.5|1|[{'coupon': 'NEWBED10'
299376|rhondawebb@yahoo.com|1592642291741879|1|850.5|1|[{'coupon': 'NEWBED10'
306063|kiarahughes@hotmail.com|1592677295087766|1|940.5|1|[{'coupon': 'NEWBED10'
300338|austin54@gmail.com|1592652174788828|1|940.5|1|[{'coupon': 'NEWBED10'
309577|jgreen@beltran.net|1592691824307145|1|940.5|1|[{'coupon': 'NEWBED10'
297808|sellerselizabeth@yahoo.com|1592617702424925|1|1795.5|1|[{'coupon': 'NEWBED10'
306172|leelee@hotmail.com|1592677733976891|1|850.5|1|[{'coupon': 'NEWBED10'
302237|robinsoncheryl@ellis.com|1592663218547842|1|535.5|1|[{'coupon': 'NEWBED10'
297946|hancockmargaret@yahoo.com|1592619572603669|2|921.6|2|[{'coupon': 'NEWBED10'
304871|rachaelgibson@yahoo.com|1592673162155988|2|588.6|2|[{'coupon': 'NEWBED10'
298538|uoconnor@yahoo.com|1592628414924615|1|1075.5|1|[{'coupon': 'NEWBED10'
302879|herickson@wood.com|1592665882730328|1|985.5|1|[{'coupon': 'NEWBED10'
298809|rkim14@gmail.com|1592633123514461|1|940.5|1|[{'coupon': 'NEWBED10'
300709|elizabethcoleman@hotmail.com|1592654986661944|1|1795.5|1|[{'coupon': 'NEWBED10'
298465|scastaneda@mckee.com|1592627378989990|1|850.5|1|[{'coupon': 'NEWBED10'
301623|alexanderswanson@nichols.com|1592660344454582|1|1075.5|1|[{'coupon': 'NEWBED10'
307386|shane90@robertson.com|1592682115071981|1|535.5|1|[{'coupon': 'NEWBED10'
297206|angelaacevedo@yahoo.com|1592611635356152|1|1795.0|1|[{'coupon': None
297707|erinroberson@gmail.com|1592616319171188|1|1195.0|1|[{'coupon': None
297671|jayolsen@gmail.com|1592615950271540|1|945.0|1|[{'coupon': None
297501|leesherry@yahoo.com|1592614312761942|1|1045.0|1|[{'coupon': None
298015|david57@hill.com|1592620396363412|1|595.0|1|[{'coupon': None
299372|richardkey@gmail.com|1592642212035012|1|1795.0|1|[{'coupon': None
300507|jacob29@allison-simon.com|1592653553007359|1|595.0|1|[{'coupon': None
300636|aevans@velazquez.org|1592654461728958|1|1045.0|1|[{'coupon': None
300991|qshepherd@hansen.com|1592656703611185|1|1195.0|1|[{'coupon': None
300946|gabriella74@stout.com|1592656531816789|1|1195.0|1|[{'coupon': None
301030|danielle05@hotmail.com|1592656938830810|1|595.0|1|[{'coupon': None
301383|oconley@hotmail.com|1592659010491568|1|595.0|1|[{'coupon': None
301728|nbecker55@hotmail.com|1592660931310803|1|595.0|1|[{'coupon': None
302531|wilsonmelissa@bailey-lambert.com|1592664405038761|2|2290.0|2|[{'coupon': None
301675|alexanderangela@mathews-meyer.com|1592660621443905|1|595.0|1|[{'coupon': None
302074|briansharp@leon.com|1592662494373072|1|1195.0|1|[{'coupon': None
302521|wsmith95@gmail.com|1592664363330079|1|595.0|1|[{'coupon': None
302228|whitney39@marshall-barnett.info|1592663170496105|1|1045.0|1|[{'coupon': None
302601|angelajones58@gmail.com|1592664670112982|1|595.0|1|[{'coupon': None
302965|ariaskimberly@gmail.com|1592666205959968|1|595.0|1|[{'coupon': None
302944|kelleymelissa@gmail.com|1592666140091748|1|1195.0|1|[{'coupon': None
303998|traceykelly@cook.com|1592670056089423|1|1995.0|1|[{'coupon': None
304482|jeffrey18@monroe-krueger.biz|1592671835182561|1|1045.0|1|[{'coupon': None
304536|vclarke@yahoo.com|1592672031080866|1|945.0|1|[{'coupon': None
304184|stefanieharding@yahoo.com|1592670838460588|1|945.0|1|[{'coupon': None
303792|robertwilliams@kelly-long.com|1592669277302393|1|1045.0|1|[{'coupon': None
303844|hodgeanna@gmail.com|1592669473363346|1|59.0|1|[{'coupon': None
303802|marymorris@bailey-ray.org|1592669310787499|1|945.0|1|[{'coupon': None
304496|stephanieramirez65@hotmail.com|1592671898623227|1|1195.0|1|[{'coupon': None
304390|lnavarro@garza-anderson.info|1592671511951478|1|1795.0|1|[{'coupon': None
304581|riveraaaron45@yahoo.com|1592672189703557|1|945.0|1|[{'coupon': None
305307|adambrandt@lewis-sparks.com|1592674775862462|1|945.0|1|[{'coupon': None
304409|vramirez@phillips.biz|1592671569042613|1|595.0|1|[{'coupon': None
305594|carpenterchristopher@barber.com|1592675709481864|1|1795.0|1|[{'coupon': None
304573|jacob60@ross-andrews.com|1592672150900406|1|1095.0|1|[{'coupon': None
305083|cschroeder@hotmail.com|1592673959119039|1|1195.0|1|[{'coupon': None
307030|hancockstephen@yahoo.com|1592680780078869|2|654.0|2|[{'coupon': None
306964|agreen35@gmail.com|1592680526593557|1|1095.0|1|[{'coupon': None
306035|ksmith@peterson.com|1592677207407878|1|59.0|1|[{'coupon': None
307079|kylebean@weeks-griffin.com|1592680942257001|1|1195.0|1|[{'coupon': None
307459|jdavis@lawrence-morales.net|1592682416691958|1|59.0|1|[{'coupon': None
307361|brenda0190@yahoo.com|1592682016564205|1|595.0|1|[{'coupon': None
307654|davisdebra3@yahoo.com|1592683222322780|1|595.0|1|[{'coupon': None
308584|irangel@miller.com|1592686885944323|1|59.0|1|[{'coupon': None
308185|ttodd@carter.com|1592685358360705|1|1045.0|1|[{'coupon': None
308138|harveyjuan@hotmail.com|1592685172932110|1|59.0|1|[{'coupon': None
308485|joshuapatterson@wright.com|1592686475748910|1|1045.0|1|[{'coupon': None
308572|barry03@yahoo.com|1592686841414838|1|595.0|1|[{'coupon': None
309163|melissalarson@cardenas.com|1592689762388089|1|1045.0|1|[{'coupon': None
308458|michelle85@buchanan-cabrera.net|1592686359776833|1|595.0|1|[{'coupon': None
308738|diazmaria84@hotmail.com|1592687620589845|1|595.0|1|[{'coupon': None
308794|ograham@herman.com|1592687879587102|1|945.0|1|[{'coupon': None
309574|reginald50@yahoo.com|1592691801181140|1|1195.0|1|[{'coupon': None
309301|rhawkins@cook.org|1592690424525263|1|1045.0|1|[{'coupon': None
309689|csoto@fitzpatrick-adams.info|1592692514634640|2|1190.0|1|[{'coupon': None
309686|brittanyedwards@hotmail.com|1592692495655997|1|945.0|1|[{'coupon': None
310002|deanna14@gmail.com|1592694381118920|2|1204.0|2|[{'coupon': None
310133|anna08@gmail.com|1592695243803625|1|1795.0|1|[{'coupon': None
310072|silvajesse@hotmail.com|1592694882537817|1|1195.0|1|[{'coupon': None
310214|rebecca15@barry.com|1592695695455476|1|1195.0|1|[{'coupon': None
310137|npowell@rose-grant.net|1592695253755482|1|1045.0|1|[{'coupon': None
310427|muellerdavid@williams.com|1592697103472800|1|1045.0|1|[{'coupon': None
308111|williamserin@stephens-ashley.com|1592685095943277|1|1075.5|1|[{'coupon': 'NEWBED10'
297913|kaylabaker@hotmail.com|1592619084856194|1|940.5|1|[{'coupon': 'NEWBED10'
298713|owensaaron@chandler.org|1592631425279617|1|535.5|1|[{'coupon': 'NEWBED10'
297220|laura39@jackson.com|1592611715237195|1|940.5|1|[{'coupon': 'NEWBED10'
301400|michelemyers@parker.com|1592659114737511|1|1075.5|1|[{'coupon': 'NEWBED10'
300518|mathewwilliams@hutchinson.com|1592653634666874|1|940.5|1|[{'coupon': 'NEWBED10'
307938|howarddebra@yahoo.com|1592684365469868|2|1611.0|2|[{'coupon': 'NEWBED10'
301750|gjoseph@valdez.com|1592661047021658|1|535.5|1|[{'coupon': 'NEWBED10'
297906|thomasnicholas@mcclure-nguyen.com|1592618932601246|1|535.5|1|[{'coupon': 'NEWBED10'
309260|wyattstephen@hotmail.com|1592690208410755|2|642.6|2|[{'coupon': 'NEWBED10'
300764|mccoyjanice@gmail.com|1592655360707171|1|1075.5|1|[{'coupon': 'NEWBED10'
298623|davidthomas@hotmail.com|1592629800934436|1|535.5|1|[{'coupon': 'NEWBED10'
298766|spencer69@gray.com|1592632346965687|1|1795.5|1|[{'coupon': 'NEWBED10'
298300|grayangela@yahoo.com|1592624597880411|1|535.5|1|[{'coupon': 'NEWBED10'
305334|holmesstephanie@young.org|1592674864359799|1|1525.5|1|[{'coupon': 'NEWBED10'
310400|dannyadams@yahoo.com|1592696897674423|1|850.5|1|[{'coupon': 'NEWBED10'
298479|jackieeverett@bennett-cooley.com|1592627554823344|1|535.5|1|[{'coupon': 'NEWBED10'
304787|michellelowery@gmail.com|1592672931581375|2|1848.6|2|[{'coupon': 'NEWBED10'
298251|garrettnguyen@gmail.com|1592623833645084|1|1615.5|1|[{'coupon': 'NEWBED10'
299115|fflowers@howell.biz|1592638627687445|1|1615.5|1|[{'coupon': 'NEWBED10'
310294|coreylee@yahoo.com|1592696254282882|1|535.5|1|[{'coupon': 'NEWBED10'
302500|mcurry@munoz-taylor.com|1592664303165530|2|993.6|2|[{'coupon': 'NEWBED10'
300989|warnercathy@gallegos.com|1592656697694466|1|940.5|1|[{'coupon': 'NEWBED10'
297579|kimamanda54@gmail.com|1592614940468467|1|535.5|1|[{'coupon': 'NEWBED10'
298364|jameshughes10@hotmail.com|1592625560766742|1|940.5|1|[{'coupon': 'NEWBED10'
300114|hcarter@michael.com|1592650384374361|1|940.5|1|[{'coupon': 'NEWBED10'
299924|ddaniels4@hotmail.com|1592648613295535|1|940.5|1|[{'coupon': 'NEWBED10'
304817|jonesgary@byrd.com|1592673002791061|1|535.5|1|[{'coupon': 'NEWBED10'
302361|edward16@yahoo.com|1592663725816115|1|535.5|1|[{'coupon': 'NEWBED10'
297330|simmonsthomas@hotmail.com|1592612532098264|2|993.6|2|[{'coupon': 'NEWBED10'
309268|debra62@baldwin.com|1592690267622399|1|1075.5|1|[{'coupon': 'NEWBED10'
297278|nwright4@gmail.com|1592612119923761|1|1045.0|1|[{'coupon': None
297164|heidi54@griffith.com|1592611273591765|1|1095.0|1|[{'coupon': None
297708|agarcia54@yahoo.com|1592616321406183|2|1874.0|2|[{'coupon': None
297363|njohnson15@hotmail.com|1592612828135485|1|1195.0|1|[{'coupon': None
297770|janet72@bird-lewis.org|1592617242589989|1|1995.0|1|[{'coupon': None
297857|byrdkrista@yahoo.com|1592618246824988|1|1795.0|1|[{'coupon': None
298682|kelleylisa@yahoo.com|1592630949419535|1|1195.0|1|[{'coupon': None
298721|trevormoses@gmail.com|1592631560813481|1|595.0|1|[{'coupon': None
298778|vwells@nelson-torres.com|1592632646410030|1|1995.0|1|[{'coupon': None
299045|nashley@anthony.com|1592637361278953|1|1995.0|1|[{'coupon': None
299965|hmahoney@jones.com|1592649076469246|1|1995.0|1|[{'coupon': None
300200|jessica26@baker-hayes.com|1592651141276926|1|79.0|1|[{'coupon': None
301287|aramos@hays-robles.com|1592658437364980|1|1795.0|1|[{'coupon': None
300577|perryjulie@howell.com|1592654046342740|1|595.0|1|[{'coupon': None
300585|aaron89@yahoo.com|1592654110796330|1|59.0|1|[{'coupon': None
301140|christinalucero@yahoo.com|1592657574275300|1|945.0|1|[{'coupon': None
301137|francisbradley@gmail.com|1592657567185330|1|1095.0|1|[{'coupon': None
302328|gfisher@blair.com|1592663552150132|1|1095.0|1|[{'coupon': None
301433|njohnson@johnson.com|1592659314825888|1|945.0|1|[{'coupon': None
302240|tinahickman@hotmail.com|1592663233619058|1|1095.0|1|[{'coupon': None
301614|susanwelch@peterson.com|1592660298936306|1|1095.0|1|[{'coupon': None
301816|vharris@zamora.biz|1592661359791899|1|1095.0|1|[{'coupon': None
302089|cmiller62@hotmail.com|1592662546807502|1|79.0|1|[{'coupon': None
303022|kevin92@smith.biz|1592666431971612|1|595.0|1|[{'coupon': None
302744|grahamlori@gmail.com|1592665289045871|1|595.0|1|[{'coupon': None
302116|cassandrayates@gmail.com|1592662667089082|1|1095.0|1|[{'coupon': None
302644|haley99@gmail.com|1592664829874181|1|1195.0|1|[{'coupon': None
303506|emcdonald@salinas-jenkins.com|1592668255874050|1|1195.0|1|[{'coupon': None
299074|osilva@stephens.com|1592638020962258|2|2331.0|2|[{'coupon': 'NEWBED10'
304077|perkinsashley@bailey.com|1592670380809712|1|1045.0|1|[{'coupon': None
304913|xweiss@farmer-crawford.com|1592673326722905|1|1795.0|1|[{'coupon': None
303649|bryantcarrie@roth.com|1592668746605198|1|595.0|1|[{'coupon': None
303674|alyssareid@butler.org|1592668850256427|1|1195.0|1|[{'coupon': None
303663|gneal@george-ray.com|1592668802579364|2|654.0|2|[{'coupon': None
304005|kellyjoshua@gmail.com|1592670082994765|1|595.0|1|[{'coupon': None
303465|steven1897@hotmail.com|1592668051301710|1|1195.0|1|[{'coupon': None
305170|abarrett@yahoo.com|1592674324962850|1|1195.0|1|[{'coupon': None
304887|gduarte@yahoo.com|1592673219114821|1|1045.0|1|[{'coupon': None
304897|kevin83@hotmail.com|1592673270254758|1|945.0|1|[{'coupon': None
305674|peter77@roy-smith.biz|1592676036771707|1|595.0|1|[{'coupon': None
305738|pearsoncharlotte@todd.com|1592676239859901|1|1045.0|1|[{'coupon': None
306762|dereksullivan@gmail.com|1592679797260676|1|1045.0|1|[{'coupon': None
305551|patriciaproctor@morrow-sandoval.com|1592675566327465|1|1045.0|1|[{'coupon': None
306705|erin82@yahoo.com|1592679618904259|1|595.0|1|[{'coupon': None
307067|swansonjill@yahoo.com|1592680896745499|1|1195.0|1|[{'coupon': None
306547|joelhutchinson@becker.com|1592679075905181|1|1195.0|1|[{'coupon': None
307467|brownmeredith@carr.org|1592682461010126|1|1795.0|1|[{'coupon': None
306631|amyfinley@russell-gomez.biz|1592679354195744|1|1195.0|1|[{'coupon': None
308033|susan26@mejia.com|1592684756665504|1|1195.0|1|[{'coupon': None
308028|sullivangail@hotmail.com|1592684733035394|1|1045.0|1|[{'coupon': None
307193|benderjuan@yahoo.com|1592681349808079|1|1045.0|1|[{'coupon': None
307743|barryfoster@ramirez.info|1592683618136457|2|2240.0|2|[{'coupon': None
308294|hcoleman@yahoo.com|1592685755613776|2|1214.0|2|[{'coupon': None
307497|bakererin@hill.com|1592682588391232|1|595.0|1|[{'coupon': None
308667|katie1477@hotmail.com|1592687285314920|1|119.0|1|[{'coupon': None
309380|ahenderson@gmail.com|1592690774017666|1|595.0|1|[{'coupon': None
308231|michellelove@weaver.com|1592685534355663|1|595.0|1|[{'coupon': None
309102|lynchanthony@taylor-johnson.com|1592689423969520|1|595.0|1|[{'coupon': None
309326|melindamckee@gmail.com|1592690519077252|1|1795.0|1|[{'coupon': None
309619|samuelbrown@owens.com|1592692048486782|1|1195.0|1|[{'coupon': None
300671|agarcia@baker-hall.net|1592654711426939|1|535.5|1|[{'coupon': 'NEWBED10'
307873|lmcdonald66@hotmail.com|1592684150297290|1|940.5|1|[{'coupon': 'NEWBED10'
298611|melanie18@miller-turner.com|1592629589132550|1|535.5|1|[{'coupon': 'NEWBED10'
298014|odomjane@bullock.com|1592620395465330|1|850.5|1|[{'coupon': 'NEWBED10'
301202|sandra74@yahoo.com|1592657920244361|1|940.5|1|[{'coupon': 'NEWBED10'
304163|stephenterry@hotmail.com|1592670738381717|1|535.5|1|[{'coupon': 'NEWBED10'
304296|tknapp@lewis-kent.com|1592671249824815|2|642.6|2|[{'coupon': 'NEWBED10'
297527|moralesrobert@gmail.com|1592614509782924|1|1075.5|1|[{'coupon': 'NEWBED10'
309688|johnsonjoshua@stevens-greer.com|1592692508165621|1|1795.5|1|[{'coupon': 'NEWBED10'
310413|benitezjames@brown.info|1592696979615071|1|535.5|1|[{'coupon': 'NEWBED10'
299766|ashleygibson@hotmail.com|1592647004087213|1|1525.5|1|[{'coupon': 'NEWBED10'
298414|ochoajose@gmail.com|1592626438215612|1|1075.5|1|[{'coupon': 'NEWBED10'
308609|newmantodd@blair.com|1592687034221668|1|535.5|1|[{'coupon': 'NEWBED10'
297853|travis9733@hotmail.com|1592618214371434|2|903.6|2|[{'coupon': 'NEWBED10'
302162|taylor1537@yahoo.com|1592662851380843|1|535.5|1|[{'coupon': 'NEWBED10'
309255|porterandre@hotmail.com|1592690189475688|1|940.5|1|[{'coupon': 'NEWBED10'
298361|vincentjennings@chapman-vega.com|1592625465880826|1|1075.5|1|[{'coupon': 'NEWBED10'
298218|robert4614@hotmail.com|1592623395518741|1|535.5|1|[{'coupon': 'NEWBED10'
297964|zhoward@daniel.org|1592619782188231|2|1926.0|2|[{'coupon': 'NEWBED10'
299681|brandon87@hayes.biz|1592645784061268|1|1075.5|1|[{'coupon': 'NEWBED10'
299988|gerald63@riley.com|1592649308489900|1|535.5|1|[{'coupon': 'NEWBED10'
307231|russell0959@yahoo.com|1592681519641579|3|1844.1|3|[{'coupon': 'NEWBED10'
298071|kwheeler34@gmail.com|1592621211254392|1|535.5|1|[{'coupon': 'NEWBED10'
299227|sbennett52@hotmail.com|1592640214939945|1|1615.5|1|[{'coupon': 'NEWBED10'
306148|nathanielburns@evans-wilcox.info|1592677646393617|1|1795.5|1|[{'coupon': 'NEWBED10'
309542|angela1864@yahoo.com|1592691658001086|1|535.5|1|[{'coupon': 'NEWBED10'
297947|athornton@howe.com|1592619599129757|1|945.0|1|[{'coupon': None
300050|jillgonzalez@anderson-maxwell.org|1592649927646936|1|595.0|1|[{'coupon': None
300115|rblackwell@smith.com|1592650389034753|1|595.0|1|[{'coupon': None
300400|dawnbond@hotmail.com|1592652651045336|1|1045.0|1|[{'coupon': None
300220|weberstephen@hutchinson.com|1592651401784574|1|1995.0|1|[{'coupon': None
300713|richard56@yahoo.com|1592655035900026|2|1790.0|2|[{'coupon': None
301268|jessicasmith@black-cook.com|1592658307058645|1|1195.0|1|[{'coupon': None
302192|bpeters@hebert.com|1592662982951513|1|1045.0|1|[{'coupon': None
302223|david4485@yahoo.com|1592663149672530|2|1254.0|2|[{'coupon': None
302813|fvargas@hotmail.com|1592665575498282|1|1195.0|1|[{'coupon': None
303769|medinagregory9@gmail.com|1592669220656864|2|654.0|2|[{'coupon': None
304260|jhines8@gmail.com|1592671119926629|1|1195.0|1|[{'coupon': None
304708|tvaldez@stevens.com|1592672640082558|1|1195.0|1|[{'coupon': None
302768|jonathan43@hotmail.com|1592665394013134|1|1045.0|1|[{'coupon': None
304153|fhodges@jennings.com|1592670713725979|1|1045.0|1|[{'coupon': None
304334|sarahmalone@lopez.org|1592671355190782|2|2590.0|2|[{'coupon': None
304372|donald66@peterson.biz|1592671477145892|1|1195.0|1|[{'coupon': None
303901|robertperry@reyes.com|1592669713041899|1|119.0|1|[{'coupon': None
304498|terrirodriguez@gallagher.com|1592671907495574|1|1195.0|1|[{'coupon': None
303943|pricemitchell@hotmail.com|1592669890964386|1|595.0|1|[{'coupon': None
304841|jeremysloan@hotmail.com|1592673064996447|1|1795.0|1|[{'coupon': None
304375|matthew71@johnson.com|1592671483864174|1|595.0|1|[{'coupon': None
304322|virginia81@yahoo.com|1592671327139570|1|1045.0|1|[{'coupon': None
305545|jenniferwilson34@hotmail.com|1592675535772665|1|595.0|1|[{'coupon': None
305595|joy26@hotmail.com|1592675717294458|1|1045.0|1|[{'coupon': None
305088|fletcherdonald@hotmail.com|1592673974076314|1|595.0|1|[{'coupon': None
305581|robert9393@yahoo.com|1592675670645721|1|595.0|1|[{'coupon': None
306011|zperez86@yahoo.com|1592677142217116|1|1045.0|1|[{'coupon': None
307371|aprillittle@hotmail.com|1592682049401530|1|1095.0|1|[{'coupon': None
305892|miranda98@gmail.com|1592676765911701|1|1195.0|1|[{'coupon': None
307080|russellethan@yahoo.com|1592680944462650|1|1195.0|1|[{'coupon': None
306264|martinhill@johnson-webb.com|1592678051018116|1|595.0|1|[{'coupon': None
308581|petersonkathy@donaldson-smith.info|1592686871175392|1|1695.0|1|[{'coupon': None
307908|xlove@cline.com|1592684259801222|1|1045.0|1|[{'coupon': None
307376|mendezsheila@jackson-williams.com|1592682069171239|1|1045.0|1|[{'coupon': None
307655|hgarcia@walker-kemp.info|1592683224574236|1|1095.0|1|[{'coupon': None
308604|david83@watson.com|1592687015250582|1|1195.0|1|[{'coupon': None
308497|gjohnson64@gmail.com|1592686530152954|1|1045.0|1|[{'coupon': None
309690|icox1@gmail.com|1592692529739308|2|2040.0|2|[{'coupon': None
309626|stevenanderson@morgan.com|1592692095387000|1|595.0|1|[{'coupon': None
309612|ybrown@brown.info|1592691986764521|1|1095.0|1|[{'coupon': None
308678|floresjoshua@marshall.com|1592687340099881|2|1190.0|1|[{'coupon': None
309256|lisa94@knight.info|1592690190070076|1|1045.0|1|[{'coupon': None
309460|ericksondiana@higgins-phillips.com|1592691201832263|1|1045.0|1|[{'coupon': None
309881|leslieray@hotmail.com|1592693647007597|1|1795.0|1|[{'coupon': None
310204|fordkevin@gmail.com|1592695635854550|1|945.0|1|[{'coupon': None
310083|pricemelanie@brown.com|1592694959180777|1|595.0|1|[{'coupon': None
303143|kelly4447@gmail.com|1592666859198537|1|53.1|1|[{'coupon': 'NEWBED10'
299947|belinda05@guzman.com|1592648852972027|1|940.5|1|[{'coupon': 'NEWBED10'
297755|caroline91@gmail.com|1592617024874881|1|535.5|1|[{'coupon': 'NEWBED10'
308286|hpace@chung-santos.com|1592685732692418|1|1075.5|1|[{'coupon': 'NEWBED10'
297977|sreeves@cisneros.com|1592619916351952|1|940.5|1|[{'coupon': 'NEWBED10'
306385|qandrade58@hotmail.com|1592678499605087|1|535.5|1|[{'coupon': 'NEWBED10'
308628|greencharlotte@flores.com|1592687140143438|1|535.5|1|[{'coupon': 'NEWBED10'
310367|wgentry@williams.com|1592696692310714|1|1075.5|1|[{'coupon': 'NEWBED10'
303016|michelle5840@hotmail.com|1592666419851932|1|1615.5|1|[{'coupon': 'NEWBED10'
300478|kleindiana@yahoo.com|1592653320760512|1|940.5|1|[{'coupon': 'NEWBED10'
297912|joshua47@yahoo.com|1592619082191374|2|903.6|2|[{'coupon': 'NEWBED10'
305151|clarkapril@yahoo.com|1592674271039725|1|940.5|1|[{'coupon': 'NEWBED10'
301643|lisa30@beard.biz|1592660426383423|1|71.10000000000001|1|[{'coupon': 'NEWBED10'
301438|danielwiggins@newman.com|1592659356014284|1|1075.5|1|[{'coupon': 'NEWBED10'
300457|csutton@hotmail.com|1592653087237435|1|535.5|1|[{'coupon': 'NEWBED10'
297754|blake51@berger.com|1592617011136410|1|535.5|1|[{'coupon': 'NEWBED10'
301744|wphillips@evans.net|1592661026647090|1|940.5|1|[{'coupon': 'NEWBED10'
297431|rbrown@hood-butler.net|1592613618287488|1|940.5|1|[{'coupon': 'NEWBED10'
305589|voneal@lyons.com|1592675694008747|1|535.5|1|[{'coupon': 'NEWBED10'
304043|romanzachary@hotmail.com|1592670267512510|1|985.5|1|[{'coupon': 'NEWBED10'
310438|cooperjamie2@hotmail.com|1592697199580804|1|535.5|1|[{'coupon': 'NEWBED10'
305046|kbaldwin@martinez.com|1592673795454041|1|850.5|1|[{'coupon': 'NEWBED10'
310403|april36@gmail.com|1592696926386719|1|1525.5|1|[{'coupon': 'NEWBED10'
300435|hrobinson@montes.com|1592652851192850|1|535.5|1|[{'coupon': 'NEWBED10'
297282|connor71@osborne-rogers.biz|1592612142837661|1|1195.0|1|[{'coupon': None
297353|brownnatalie@campbell.com|1592612753019797|1|1795.0|1|[{'coupon': None
297355|bryan700@hotmail.com|1592612764898256|1|1995.0|1|[{'coupon': None
297825|harveyjeffrey@yahoo.com|1592617879506910|2|1640.0|2|[{'coupon': None
300126|zhunter50@hotmail.com|1592650479709728|1|1695.0|1|[{'coupon': None
299755|mblackwell@lewis.net|1592646863025984|1|1195.0|1|[{'coupon': None
299826|cduran@sanchez-wagner.biz|1592647655753562|1|1095.0|1|[{'coupon': None
299781|annasmith@franco.com|1592647238957830|1|159.0|1|[{'coupon': None
300486|chernandez@edwards.com|1592653354553887|2|2840.0|2|[{'coupon': None
300691|alexis04@yahoo.com|1592654834654647|1|595.0|1|[{'coupon': None
300842|gjones@alvarez-hawkins.com|1592655961634793|1|1045.0|1|[{'coupon': None
300810|simmonschristopher@hotmail.com|1592655730763751|1|595.0|1|[{'coupon': None
300684|reedchristopher59@yahoo.com|1592654771786116|1|945.0|1|[{'coupon': None
301055|zward@gmail.com|1592657092787377|1|1195.0|1|[{'coupon': None
301595|scott844@gmail.com|1592660166878771|1|595.0|1|[{'coupon': None
302042|olyons@fischer-sawyer.com|1592662365643981|1|595.0|1|[{'coupon': None
302446|jmontes@farmer.biz|1592664101613106|2|2190.0|1|[{'coupon': None
302557|grant47@gmail.com|1592664512046702|1|945.0|1|[{'coupon': None
302180|loretta85@hotmail.com|1592662920312649|1|595.0|1|[{'coupon': None
302629|morgangibson@yahoo.com|1592664758596970|1|1045.0|1|[{'coupon': None
304966|scottkent@barajas.info|1592673531097532|1|1195.0|1|[{'coupon': None
303541|michaelpalmer40@hotmail.com|1592668390068096|1|1195.0|1|[{'coupon': None
303226|andersonveronica@yahoo.com|1592667165187256|1|595.0|1|[{'coupon': None
303640|brownmichelle@yahoo.com|1592668706932209|1|1195.0|1|[{'coupon': None
303912|bchurch@arnold.com|1592669776717308|1|1695.0|1|[{'coupon': None
304442|kellyshepard@gmail.com|1592671674147511|1|1195.0|1|[{'coupon': None
305250|karen38@eaton.com|1592674599144163|1|1195.0|1|[{'coupon': None
304695|jclay@gmail.com|1592672602851402|1|1045.0|1|[{'coupon': None
303863|rhendricks@larson.net|1592669543043746|1|1195.0|1|[{'coupon': None
304653|turnerrobert@gmail.com|1592672468059465|1|1045.0|1|[{'coupon': None
305528|martinezkatherine@diaz.info|1592675470929667|1|945.0|1|[{'coupon': None
305671|pbarrett4@hotmail.com|1592676015513857|1|595.0|1|[{'coupon': None
304804|oclark@perry-rice.com|1592672979428316|1|1095.0|1|[{'coupon': None
305466|sgibson@ramirez-johnson.com|1592675254806028|1|595.0|1|[{'coupon': None
306427|brian23@wilson-smith.com|1592678648498570|1|1045.0|1|[{'coupon': None
306260|john94@gmail.com|1592678016002075|1|1695.0|1|[{'coupon': None
306680|scottruiz@yahoo.com|1592679521005936|1|945.0|1|[{'coupon': None
306657|matthew97@hotmail.com|1592679448250800|1|1045.0|1|[{'coupon': None
306445|ryan66@mack.biz|1592678695148967|1|945.0|1|[{'coupon': None
306497|robertwiggins@villarreal.org|1592678893756626|1|1795.0|1|[{'coupon': None
307768|richard11@pollard.com|1592683720460880|1|1045.0|1|[{'coupon': None
306807|ndavis@copeland.info|1592679982764782|1|595.0|1|[{'coupon': None
308056|craigjohn@donovan-reyes.org|1592684845780501|1|159.0|1|[{'coupon': None
308475|ghuffman@pineda.com|1592686426675654|2|714.0|2|[{'coupon': None
307352|brian96@smith-davis.info|1592681979127806|1|1995.0|1|[{'coupon': None
307514|jgreene@yahoo.com|1592682652685310|1|1045.0|1|[{'coupon': None
308383|thester26@yahoo.com|1592686022889174|1|1045.0|1|[{'coupon': None
309074|ricardo81@hotmail.com|1592689247475997|1|1195.0|1|[{'coupon': None
308317|katherine87@davis-garcia.com|1592685814610184|1|1195.0|1|[{'coupon': None
309455|nmiller@gmail.com|1592691177245933|1|1995.0|1|[{'coupon': None
309071|cproctor@gmail.com|1592689225868548|1|945.0|1|[{'coupon': None
310212|wrightchristine@miller.com|1592695690104285|1|945.0|1|[{'coupon': None
304789|michelle96@hotmail.com|1592672935405351|2|2691.0|2|[{'coupon': 'NEWBED10'
298332|david90@smith-patrick.com|1592625116803546|2|1011.6|2|[{'coupon': 'NEWBED10'
306387|jeffrey4034@gmail.com|1592678510597131|1|535.5|1|[{'coupon': 'NEWBED10'
297439|thomaslindsey@villanueva-alexander.org|1592613660151494|1|1075.5|1|[{'coupon': 'NEWBED10'
299146|craigbaldwin@powell.com|1592638982301094|1|850.5|1|[{'coupon': 'NEWBED10'
299610|lthornton@long-vaughn.com|1592645127955011|1|940.5|1|[{'coupon': 'NEWBED10'
305958|odomkayla@gmail.com|1592676952143454|1|940.5|1|[{'coupon': 'NEWBED10'
300797|kmorales@hotmail.com|1592655642277023|1|535.5|1|[{'coupon': 'NEWBED10'
308158|charlessingleton@gmail.com|1592685252402512|1|535.5|1|[{'coupon': 'NEWBED10'
301691|kennethmoore@kennedy.com|1592660711787238|1|985.5|1|[{'coupon': 'NEWBED10'
299279|hgarcia@walters.info|1592640961989133|1|1075.5|1|[{'coupon': 'NEWBED10'
297960|alyssaturner@johnson.net|1592619755145407|1|940.5|1|[{'coupon': 'NEWBED10'
300643|jonathantanner@hotmail.com|1592654526984092|1|1615.5|1|[{'coupon': 'NEWBED10'
299083|patty08@hotmail.com|1592638140295863|1|1525.5|1|[{'coupon': 'NEWBED10'
299339|kimberly63@brennan.com|1592641829749336|1|985.5|1|[{'coupon': 'NEWBED10'
302950|walexander65@gmail.com|1592666169054445|1|535.5|1|[{'coupon': 'NEWBED10'
299501|rhonda30@burns.com|1592643805423669|1|535.5|1|[{'coupon': 'NEWBED10'
297574|kathleen39@rich.com|1592614900141508|1|1075.5|1|[{'coupon': 'NEWBED10'
302282|austin71@newton.biz|1592663369562456|1|535.5|1|[{'coupon': 'NEWBED10'
299076|karla54@fernandez.com|1592638033926936|1|940.5|1|[{'coupon': 'NEWBED10'
300308|adam48@gmail.com|1592651963938625|1|1075.5|1|[{'coupon': 'NEWBED10'
301835|arthur91@gmail.com|1592661443430180|1|940.5|1|[{'coupon': 'NEWBED10'
309080|zlopez83@gmail.com|1592689299473699|3|3946.5|2|[{'coupon': 'NEWBED10'
310464|castroemily@smith.org|1592697386375647|2|588.6|2|[{'coupon': 'NEWBED10'
297644|amber0277@hotmail.com|1592615633506630|2|1254.0|2|[{'coupon': None
297212|heather78@yahoo.com|1592611667148479|1|1195.0|1|[{'coupon': None
298022|tracey53@johnson.com|1592620509119313|1|1095.0|1|[{'coupon': None
297984|davidwarner@yahoo.com|1592619986988498|1|945.0|1|[{'coupon': None
298301|clinebarbara@oconnor.biz|1592624615133679|2|1104.0|2|[{'coupon': None
299159|estradakevin@allen.net|1592639189127792|1|1095.0|1|[{'coupon': None
300368|keithmatthews@collins.org|1592652362717753|1|1045.0|1|[{'coupon': None
300612|joshua6932@yahoo.com|1592654313230633|1|595.0|1|[{'coupon': None
301141|mary2665@yahoo.com|1592657576243046|1|595.0|1|[{'coupon': None
300981|egarcia96@yahoo.com|1592656679112622|1|1195.0|1|[{'coupon': None
301637|hawkinscatherine@gmail.com|1592660413337216|1|119.0|1|[{'coupon': None
301447|jose23@yahoo.com|1592659407297473|1|1045.0|1|[{'coupon': None
301763|jennifer00@munoz.com|1592661081939550|1|1095.0|1|[{'coupon': None
301857|jameschambers@hotmail.com|1592661586840106|1|1195.0|1|[{'coupon': None
302203|cynthia85@yahoo.com|1592663070025709|1|595.0|1|[{'coupon': None
302069|rhondagreene@hotmail.com|1592662473196319|1|945.0|1|[{'coupon': None
302424|vkelley10@yahoo.com|1592663986773443|1|1095.0|1|[{'coupon': None
302811|sherriwhite@hotmail.com|1592665569311773|1|1045.0|1|[{'coupon': None
302843|cindyyoung@yahoo.com|1592665681435743|2|1004.0|2|[{'coupon': None
303799|knightpatrick@harris.com|1592669294381945|2|1024.0|2|[{'coupon': None
303491|xmorgan@hotmail.com|1592668205327608|1|945.0|1|[{'coupon': None
303292|allencynthia@yahoo.com|1592667401609546|1|1045.0|1|[{'coupon': None
303236|edwardperkins@yahoo.com|1592667196017549|2|1190.0|1|[{'coupon': None
303530|stacy71@gmail.com|1592668354061749|2|1190.0|1|[{'coupon': None
304545|sarah96@waller.net|1592672071454831|2|1640.0|2|[{'coupon': None
304983|teresa77@gmail.com|1592673592349245|1|595.0|1|[{'coupon': None
305908|lauren32@cole.info|1592676811662367|1|1695.0|1|[{'coupon': None
306431|kenneth17@yahoo.com|1592678667290212|1|1045.0|1|[{'coupon': None
306136|mossgeorge@yahoo.com|1592677592659240|1|1045.0|1|[{'coupon': None
306204|lisa07@gmail.com|1592677810617354|1|1095.0|1|[{'coupon': None
305216|xavier31@gmail.com|1592674489597973|1|1045.0|1|[{'coupon': None
305831|santiagobrandon@gmail.com|1592676563252371|1|1195.0|1|[{'coupon': None
306086|kevincollins@hotmail.com|1592677413799859|1|1195.0|1|[{'coupon': None
306410|troy25@rivera-sandoval.com|1592678592442236|1|1695.0|1|[{'coupon': None
307703|larsonsamuel@blackwell.com|1592683413887987|1|595.0|1|[{'coupon': None
307504|jane1820@gmail.com|1592682624583038|1|1195.0|1|[{'coupon': None
307696|josespence@gmail.com|1592683392120295|1|1195.0|1|[{'coupon': None
308280|adamsmelanie@ellis.net|1592685715751772|1|1695.0|1|[{'coupon': None
308499|lday@yahoo.com|1592686545198686|1|595.0|1|[{'coupon': None
308318|williammartinez@jackson.net|1592685816760454|1|1095.0|1|[{'coupon': None
307941|courtneybarron@gmail.com|1592684376339310|2|714.0|2|[{'coupon': None
307700|jensenrandall@holmes.com|1592683404809827|1|945.0|1|[{'coupon': None
308744|parkerwhitney@rodriguez-logan.org|1592687647064262|1|595.0|1|[{'coupon': None
308640|wwhite@monroe.org|1592687207820052|1|595.0|1|[{'coupon': None
308525|cheryladams6@smith.info|1592686667325727|1|1195.0|1|[{'coupon': None
308932|ksmith@king-cabrera.com|1592688552425308|1|1095.0|1|[{'coupon': None
309126|patrickwilliams@hotmail.com|1592689592412609|1|595.0|1|[{'coupon': None
308693|ronaldhubbard@gmail.com|1592687412164472|1|595.0|1|[{'coupon': None
309280|angela8061@yahoo.com|1592690330090015|1|945.0|1|[{'coupon': None
309497|tommy09@yahoo.com|1592691423307552|1|1195.0|1|[{'coupon': None
309472|theresawest@melton-smith.net|1592691259089107|1|595.0|1|[{'coupon': None
309580|reynoldsashley@yahoo.com|1592691837455727|2|2090.0|1|[{'coupon': None
309735|john76@johnson.org|1592692758724613|1|945.0|1|[{'coupon': None
310014|amanda30@baker.org|1592694452064628|1|1195.0|1|[{'coupon': None
309902|petersbruce@johnson.info|1592693783461008|1|1195.0|1|[{'coupon': None
309969|simpsonthomas@martinez.org|1592694152093886|1|1195.0|1|[{'coupon': None
303069|diana70@wright.info|1592666579062977|1|53.1|1|[{'coupon': 'NEWBED10'
308062|birdjamie@hotmail.com|1592684868318125|2|1038.6|2|[{'coupon': 'NEWBED10'
308593|lawrence99@yahoo.com|1592686941420689|1|535.5|1|[{'coupon': 'NEWBED10'
297381|crice@copeland-moss.info|1592613008840116|1|940.5|1|[{'coupon': 'NEWBED10'
303686|lschneider@kelly-edwards.org|1592668911690827|1|850.5|1|[{'coupon': 'NEWBED10'
298435|pricelori@french.com|1592626884310811|2|1071.0|1|[{'coupon': 'NEWBED10'
302025|rmartinez86@yahoo.com|1592662302969040|1|940.5|1|[{'coupon': 'NEWBED10'
299362|qrobertson52@hotmail.com|1592642016129829|1|535.5|1|[{'coupon': 'NEWBED10'
299739|yfigueroa@yahoo.com|1592646648534271|1|535.5|1|[{'coupon': 'NEWBED10'
298231|eromero@smith-whitehead.biz|1592623508887750|1|940.5|1|[{'coupon': 'NEWBED10'
300106|paul11@gmail.com|1592650308088974|1|940.5|1|[{'coupon': 'NEWBED10'
307777|frostcharles@peters-miller.com|1592683740890629|2|1386.0|2|[{'coupon': 'NEWBED10'
300719|xmoore25@hotmail.com|1592655060776314|1|1525.5|1|[{'coupon': 'NEWBED10'
299268|knappnatalie@yahoo.com|1592640864305162|1|107.10000000000001|1|[{'coupon': 'NEWBED10'
299137|kjohnson@rocha-davis.com|1592638864153183|2|1011.6|2|[{'coupon': 'NEWBED10'
303392|matthewpena@gmail.com|1592667791980473|1|850.5|1|[{'coupon': 'NEWBED10'
304097|david88@moore.info|1592670457968159|1|940.5|1|[{'coupon': 'NEWBED10'
298622|curtisparsons@hotmail.com|1592629798259604|2|1038.6|2|[{'coupon': 'NEWBED10'
305855|rharris@campbell.com|1592676640855355|1|1075.5|1|[{'coupon': 'NEWBED10'
305926|vanessayang@roach.com|1592676879746392|2|1971.0|1|[{'coupon': 'NEWBED10'
300469|tranbrendan@hotmail.com|1592653223869385|1|535.5|1|[{'coupon': 'NEWBED10'
308854|esimpson@ortiz-berger.com|1592688193137341|1|985.5|1|[{'coupon': 'NEWBED10'
298845|steven89@yahoo.com|1592633676189986|1|535.5|1|[{'coupon': 'NEWBED10'
304034|yking@smith.com|1592670218102906|1|1075.5|1|[{'coupon': 'NEWBED10'
298268|angelajohnson33@gmail.com|1592624093014523|1|940.5|1|[{'coupon': 'NEWBED10'
297716|crystalcobb@estrada-rodriguez.com|1592616409909718|1|595.0|1|[{'coupon': None
298337|valencianathan@yahoo.com|1592625185739865|1|1795.0|1|[{'coupon': None
299379|hopkinsscott@yahoo.com|1592642327633546|1|1795.0|1|[{'coupon': None
299870|qbenton@yahoo.com|1592648175174086|1|1045.0|1|[{'coupon': None
300429|beth85@ball-davis.biz|1592652801136636|1|595.0|1|[{'coupon': None
300697|jamiedavis@freeman.info|1592654900943887|1|595.0|1|[{'coupon': None
300786|susannunez@yahoo.com|1592655561373449|1|1995.0|1|[{'coupon': None
300499|melissawise@hotmail.com|1592653490018292|1|595.0|1|[{'coupon': None
301006|colin57@gmail.com|1592656788452013|1|945.0|1|[{'coupon': None
300921|nicholasthomas@giles.com|1592656378268397|1|1195.0|1|[{'coupon': None
300729|tanneryolanda@hotmail.com|1592655100784975|1|1045.0|1|[{'coupon': None
301258|rhondasmith1@yahoo.com|1592658232219745|1|595.0|1|[{'coupon': None
300846|bvazquez75@yahoo.com|1592655991728659|1|595.0|1|[{'coupon': None
301955|bradleyjohnson@yahoo.com|1592662027145223|1|945.0|1|[{'coupon': None
301671|jonesmark@yahoo.com|1592660573920371|1|1045.0|1|[{'coupon': None
304641|lthompson@kim-esparza.com|1592672425101020|1|595.0|1|[{'coupon': None
301999|anthony86@arnold.com|1592662215151436|1|945.0|1|[{'coupon': None
302570|stephanie24@rollins-carroll.com|1592664556233874|1|945.0|1|[{'coupon': None
303654|ugordon@hunt.net|1592668763367553|1|945.0|1|[{'coupon': None
302820|mgarcia21@yahoo.com|1592665590297921|1|1995.0|1|[{'coupon': None
303301|karen8791@gmail.com|1592667434930406|1|595.0|1|[{'coupon': None
303239|coreygarrett@yahoo.com|1592667228106539|2|674.0|2|[{'coupon': None
303193|mendozawendy@reilly.com|1592667028172427|1|1095.0|1|[{'coupon': None
304009|timothysmith30@hotmail.com|1592670094013375|1|595.0|1|[{'coupon': None
303010|sydneythomas@martinez-young.net|1592666404317895|1|1195.0|1|[{'coupon': None
303206|lisawise@hotmail.com|1592667102599471|1|945.0|1|[{'coupon': None
303456|emily511@gmail.com|1592668016660211|1|1195.0|1|[{'coupon': None
304011|jballard@benson-williams.info|1592670095194739|2|1774.0|2|[{'coupon': None
305079|charlesmendoza@salazar-eaton.com|1592673944330741|1|1195.0|1|[{'coupon': None
304235|dnunez@mathis-boyd.biz|1592671033146951|1|1045.0|1|[{'coupon': None
304707|amanda51@johnson-richardson.com|1592672639816781|3|2049.0|3|[{'coupon': None
304780|scarr@kelly-gonzalez.info|1592672911737330|1|945.0|1|[{'coupon': None
305875|torrespaul@white.net|1592676709588170|1|595.0|1|[{'coupon': None
306016|pattersontristan@lloyd.com|1592677161622634|1|1795.0|1|[{'coupon': None
305924|heather95@clark.com|1592676873583905|1|1195.0|1|[{'coupon': None
305944|hedwards@schaefer.com|1592676926686053|1|59.0|1|[{'coupon': None
306312|ejohnson@rollins.com|1592678244155958|2|1254.0|2|[{'coupon': None
306559|michaelcopeland@gmail.com|1592679107645428|1|1195.0|1|[{'coupon': None
307417|madelinecolon@mullins-martinez.com|1592682250855393|1|1095.0|1|[{'coupon': None
307248|thomas65@olson.org|1592681562005079|1|595.0|1|[{'coupon': None
306851|meganflores@mcdaniel.com|1592680121371993|1|595.0|1|[{'coupon': None
306864|michaelhaney@murray.com|1592680162119488|1|1995.0|1|[{'coupon': None
308367|lopeztyler@mccormick.biz|1592685989908468|1|79.0|1|[{'coupon': None
308095|ljames@whitney.com|1592685035566473|1|945.0|1|[{'coupon': None
307536|reedrobert@dixon-ward.net|1592682745160166|1|1045.0|1|[{'coupon': None
307891|davidgordon@garcia.com|1592684223598305|1|945.0|1|[{'coupon': None
307862|sheliamartinez@singh.biz|1592684109096468|2|714.0|2|[{'coupon': None
308417|kathleenterry@cisneros-rodriguez.com|1592686155241653|1|1045.0|1|[{'coupon': None
308031|glawson@hotmail.com|1592684738418860|1|595.0|1|[{'coupon': None
308731|phillipsjames@guerrero.com|1592687594849672|3|2385.0|2|[{'coupon': None
308617|cjacobs32@gmail.com|1592687091817394|1|945.0|1|[{'coupon': None
308663|pmarshall@lamb.com|1592687280455876|1|1095.0|1|[{'coupon': None
309570|srogers20@gmail.com|1592691790824697|1|79.0|1|[{'coupon': None
310232|eguzman@yahoo.com|1592695794356494|2|654.0|2|[{'coupon': None
309466|morrisonjohn@gmail.com|1592691222411209|1|1195.0|1|[{'coupon': None
310210|blakevaughn@hutchinson.com|1592695663401251|1|595.0|1|[{'coupon': None
310487|laurieharris@young.net|1592697566911992|2|1190.0|1|[{'coupon': None
310168|andersonbrenda@bradley.info|1592695415801559|1|595.0|1|[{'coupon': None
311836|thomasmccann@hotmail.com|1592710804229330|2|2466.0|2|[{'coupon': 'NEWBED10'
318832|phillipsjason@nelson.com|1592763369388901|1|1075.5|1|[{'coupon': 'NEWBED10'
311738|chambersbrittany@jones-davis.info|1592709529373341|1|850.5|1|[{'coupon': 'NEWBED10'
312276|simmonsashley@hotmail.com|1592717109153489|1|1615.5|1|[{'coupon': 'NEWBED10'
312369|dhughes@turner.com|1592718680942839|1|985.5|1|[{'coupon': 'NEWBED10'
319223|twong@mclean.com|1592764815985227|1|940.5|1|[{'coupon': 'NEWBED10'
310522|lopezlance@shepherd-sexton.com|1592697758121645|1|940.5|1|[{'coupon': 'NEWBED10'
319010|jamesjimmy@hotmail.com|1592763992116397|1|1075.5|1|[{'coupon': 'NEWBED10'
314867|pattersonhunter@farley.biz|1592745363147008|1|535.5|1|[{'coupon': 'NEWBED10'
314391|thomassteele@graham.net|1592742183449949|1|535.5|1|[{'coupon': 'NEWBED10'
311436|christopher02@gmail.com|1592705663221489|1|1525.5|1|[{'coupon': 'NEWBED10'
311006|kimberly68@hotmail.com|1592701540108427|1|535.5|1|[{'coupon': 'NEWBED10'
311786|rherrera@wilson-lopez.com|1592710245338940|1|535.5|1|[{'coupon': 'NEWBED10'
313438|brett08@rodriguez.org|1592733605428116|2|1083.6|2|[{'coupon': 'NEWBED10'
312096|carolyn2989@yahoo.com|1592714173124258|1|1075.5|1|[{'coupon': 'NEWBED10'
312323|jonesdiana@cannon-bright.org|1592717972153586|1|535.5|1|[{'coupon': 'NEWBED10'
316970|dianaoneal@white-dean.com|1592755887647174|1|850.5|1|[{'coupon': 'NEWBED10'
311375|susanrollins@ferguson.info|1592705040370370|1|985.5|1|[{'coupon': 'NEWBED10'
320445|davidjones7@yahoo.com|1592769700138435|1|535.5|1|[{'coupon': 'NEWBED10'
312678|kellie02@yahoo.com|1592723525703019|1|940.5|1|[{'coupon': 'NEWBED10'
321937|elizabeth6276@gmail.com|1592776640093657|1|850.5|1|[{'coupon': 'NEWBED10'
317690|williamrojas@cole.biz|1592758964183722|1|535.5|1|[{'coupon': 'NEWBED10'
312367|brownshannon19@gmail.com|1592718677835600|1|535.5|1|[{'coupon': 'NEWBED10'
311014|pfrank@rice.com|1592701578946310|1|1615.5|1|[{'coupon': 'NEWBED10'
321879|lesliewilkins@schmitt.com|1592776321168042|1|535.5|1|[{'coupon': 'NEWBED10'
313051|martinregina@ellis-gordon.org|1592728921125487|1|1075.5|1|[{'coupon': 'NEWBED10'
312137|bscott70@gmail.com|1592714860930140|1|1795.5|1|[{'coupon': 'NEWBED10'
310528|fpineda@bowen.com|1592697775285305|2|1104.0|2|[{'coupon': None
311406|jonathan60@martinez.com|1592705413926417|3|2199.0|3|[{'coupon': None
311642|teresa40@williams.com|1592708384606476|2|1124.0|2|[{'coupon': None
311223|shelby92@rosales.com|1592703473802024|1|595.0|1|[{'coupon': None
311707|tuckerkevin@gmail.com|1592709019313598|1|1995.0|1|[{'coupon': None
311574|timothymunoz@gmail.com|1592707487944548|2|1914.0|2|[{'coupon': None
313724|hartjoseph@yahoo.com|1592736455220756|1|1795.0|1|[{'coupon': None
313691|gardnerdennis@newton.com|1592736115463807|1|1195.0|1|[{'coupon': None
313818|marthaharris@martin-ross.com|1592737267559189|1|1995.0|1|[{'coupon': None
314283|matthewhill8@hotmail.com|1592741361966323|1|1195.0|1|[{'coupon': None
314572|triley@vega.com|1592743551172162|1|595.0|1|[{'coupon': None
314883|vlawson@pham.com|1592745441063040|1|1045.0|1|[{'coupon': None
314863|annakoch@briggs.com|1592745329066094|1|1045.0|1|[{'coupon': None
315191|leonardteresa@compton-summers.com|1592747287914428|1|1995.0|1|[{'coupon': None
316152|ryan72@ellis.com|1592752175234148|1|1045.0|1|[{'coupon': None
315452|andreaanderson@walsh.com|1592748703800738|1|1195.0|1|[{'coupon': None
315334|amberperez@duke.info|1592748070274687|2|654.0|2|[{'coupon': None
315758|robinsonkevin@hotmail.com|1592750274074783|1|1195.0|1|[{'coupon': None
315632|littlekimberly@hotmail.com|1592749622196963|1|1195.0|1|[{'coupon': None
316235|andersonbrian@mckenzie-douglas.com|1592752584079100|2|1164.0|2|[{'coupon': None
316675|fernandezronald@meyer.com|1592754555382846|1|1045.0|1|[{'coupon': None
315943|rosarioshawn@roy.biz|1592751290096264|1|595.0|1|[{'coupon': None
316749|kelseysmith93@gmail.com|1592754910898932|1|119.0|1|[{'coupon': None
316469|dtaylor@bennett.com|1592753689662790|1|1095.0|1|[{'coupon': None
318094|julie00@mathews-padilla.com|1592760596313455|1|1095.0|1|[{'coupon': None
317179|omitchell@wilcox.com|1592756777726240|1|1045.0|1|[{'coupon': None
317202|mendozamegan@gmail.com|1592756869483646|1|945.0|1|[{'coupon': None
318232|alvaradosean@hotmail.com|1592761108726269|1|1195.0|1|[{'coupon': None
319258|mariasmith@gmail.com|1592764963099860|1|1045.0|1|[{'coupon': None
318538|hamiltonvictoria@yahoo.com|1592762295985976|2|1254.0|2|[{'coupon': None
317851|vmiller@garner-myers.com|1592759624253563|1|1045.0|1|[{'coupon': None
318258|bobbybrown@white.com|1592761204435967|1|1045.0|1|[{'coupon': None
318290|reginawilliams@shaw-farley.org|1592761310040570|1|1995.0|1|[{'coupon': None
318398|marcuslivingston@giles.com|1592761707876195|1|595.0|1|[{'coupon': None
318966|xrubio@sloan-hale.com|1592763860025506|1|1095.0|1|[{'coupon': None
320291|rshea42@yahoo.com|1592769051913858|1|595.0|1|[{'coupon': None
318801|mitchell17@mckinney.com|1592763279450785|1|945.0|1|[{'coupon': None
320939|douglassalinas@krueger-smith.com|1592771740995100|1|1195.0|1|[{'coupon': None
320586|sbryant@washington.org|1592770252308739|1|59.0|1|[{'coupon': None
320173|vford@martinez.com|1592768585448894|1|595.0|1|[{'coupon': None
320978|eric98@johnson.com|1592771899270287|1|945.0|1|[{'coupon': None
321595|nealjudith@davis.com|1592774878436805|1|595.0|1|[{'coupon': None
320504|ggomez@silva.com|1592769893925655|1|1695.0|1|[{'coupon': None
321136|lshort@gmail.com|1592772692445971|1|119.0|1|[{'coupon': None
321271|romeroandrew@ward.biz|1592773400153156|1|595.0|1|[{'coupon': None
320414|kelly70@gmail.com|1592769560577544|1|1045.0|1|[{'coupon': None
321224|janice98@gmail.com|1592773205023612|1|595.0|1|[{'coupon': None
321079|bhuynh@yahoo.com|1592772369574984|1|1095.0|1|[{'coupon': None
321695|bethany75@gmail.com|1592775397518605|1|595.0|1|[{'coupon': None
322152|richardsmichael76@gmail.com|1592777947093500|1|1995.0|1|[{'coupon': None
321720|shawnjohnson@gmail.com|1592775561817532|1|945.0|1|[{'coupon': None
321992|john1426@gmail.com|1592776951376157|2|1314.0|2|[{'coupon': None
322779|nnorris70@yahoo.com|1592782025557301|1|595.0|1|[{'coupon': None
313603|john5964@gmail.com|1592735306556622|1|1075.5|1|[{'coupon': 'NEWBED10'
311552|maryjones@jenkins-jimenez.biz|1592707108844459|1|1075.5|1|[{'coupon': 'NEWBED10'
313421|owebb@reed.biz|1592733422929072|1|940.5|1|[{'coupon': 'NEWBED10'
311368|yolson@lambert-sparks.net|1592704941594436|1|1075.5|1|[{'coupon': 'NEWBED10'
312010|francischristine@gmail.com|1592712917220668|1|535.5|1|[{'coupon': 'NEWBED10'
313886|davidrodriguez@cardenas.com|1592737870929260|1|1075.5|1|[{'coupon': 'NEWBED10'
311380|brownlisa82@hotmail.com|1592705080734606|1|850.5|1|[{'coupon': 'NEWBED10'
318760|kristenpowell@diaz.com|1592763099653148|1|850.5|1|[{'coupon': 'NEWBED10'
312811|bjones15@yahoo.com|1592725709462455|1|1615.5|1|[{'coupon': 'NEWBED10'
315184|jamesheath@clarke.info|1592747242084879|1|1075.5|1|[{'coupon': 'NEWBED10'
319955|badams@wilson.com|1592767690569722|1|1075.5|1|[{'coupon': 'NEWBED10'
315072|johnkelley@krueger-walsh.biz|1592746609380436|1|535.5|1|[{'coupon': 'NEWBED10'
317110|hlucero@michael.net|1592756481048327|1|940.5|1|[{'coupon': 'NEWBED10'
312244|richard44@gmail.com|1592716595010932|1|940.5|1|[{'coupon': 'NEWBED10'
312864|andrew8229@yahoo.com|1592726364842842|1|535.5|1|[{'coupon': 'NEWBED10'
312507|angel74@hotmail.com|1592720862127322|1|1075.5|1|[{'coupon': 'NEWBED10'
314845|crawfordanthony@gmail.com|1592745216409603|1|940.5|1|[{'coupon': 'NEWBED10'
321245|jason9894@hotmail.com|1592773278412917|1|535.5|1|[{'coupon': 'NEWBED10'
317589|gomezalexis@york.com|1592758450961621|1|940.5|1|[{'coupon': 'NEWBED10'
321300|blake61@page.com|1592773518318082|2|957.6|2|[{'coupon': 'NEWBED10'
311356|rachelroberson@moreno-tanner.biz|1592704814772867|1|535.5|1|[{'coupon': 'NEWBED10'
317955|progers@johns.net|1592760123751558|1|850.5|1|[{'coupon': 'NEWBED10'
323029|lhodges@parsons-hudson.net|1592783899833675|2|1011.6|2|[{'coupon': 'NEWBED10'
312008|bhall@spencer-wong.info|1592712909501451|1|1075.5|1|[{'coupon': 'NEWBED10'
319321|jennifermorris@yahoo.com|1592765179590057|1|535.5|1|[{'coupon': 'NEWBED10'
321571|lwise88@yahoo.com|1592774755850918|1|1615.5|1|[{'coupon': 'NEWBED10'
310950|lisacox@cantu-mcdaniel.biz|1592701085357847|1|940.5|1|[{'coupon': 'NEWBED10'
313100|jason74@franklin.com|1592729765072643|1|940.5|1|[{'coupon': 'NEWBED10'
322666|phillipmoore@hotmail.com|1592781223556365|1|1075.5|1|[{'coupon': 'NEWBED10'
320723|qnelson@gmail.com|1592770773061587|1|1075.5|1|[{'coupon': 'NEWBED10'
313076|omar05@smith.com|1592729341641169|1|535.5|1|[{'coupon': 'NEWBED10'
313017|frank25@owen-mueller.com|1592728524057034|2|1632.6|2|[{'coupon': 'NEWBED10'
316344|amyward@gmail.com|1592753075713866|1|940.5|1|[{'coupon': 'NEWBED10'
310609|thomaskenneth@yahoo.com|1592698411713878|1|1045.0|1|[{'coupon': None
311611|cookconnie@mccullough.biz|1592707921117352|1|1045.0|1|[{'coupon': None
311826|obrooks@martin.com|1592710640487189|1|1795.0|1|[{'coupon': None
312742|griley@hotmail.com|1592724640745075|1|1195.0|1|[{'coupon': None
312722|ryanrebekah@gmail.com|1592724342116040|1|595.0|1|[{'coupon': None
313378|jose99@underwood-henderson.com|1592732991284046|1|1045.0|1|[{'coupon': None
313850|allenapril@crawford.com|1592737560900042|1|595.0|1|[{'coupon': None
313586|andrew26@francis-mcintosh.com|1592735090159250|1|159.0|1|[{'coupon': None
313405|codythompson@hotmail.com|1592733312679938|1|1195.0|1|[{'coupon': None
313904|derek73@gmail.com|1592738128508710|2|1314.0|2|[{'coupon': None
314066|coreymartinez83@yahoo.com|1592739538858904|2|2890.0|2|[{'coupon': None
315851|ggillespie@cunningham.info|1592750727632936|1|1045.0|1|[{'coupon': None
315331|kingmonica@clayton-harris.biz|1592748064194996|1|945.0|1|[{'coupon': None
315268|julie2896@hotmail.com|1592747739592454|1|1045.0|1|[{'coupon': None
316340|brett56@hotmail.com|1592753063816330|2|1004.0|2|[{'coupon': None
315340|stanley44@wilkinson.org|1592748099880881|2|1104.0|2|[{'coupon': None
316347|ymorris29@gmail.com|1592753088765915|1|1195.0|1|[{'coupon': None
315356|kylepeterson@hernandez.com|1592748191089232|1|1045.0|1|[{'coupon': None
315798|allison59@yahoo.com|1592750464816953|1|595.0|1|[{'coupon': None
316277|williamslisa69@hotmail.com|1592752752278301|1|1045.0|1|[{'coupon': None
316553|dustin65@carter.biz|1592754056754390|2|1190.0|1|[{'coupon': None
317816|tylerashley@gmail.com|1592759489369028|1|1045.0|1|[{'coupon': None
317579|hcannon@gmail.com|1592758399282977|1|1195.0|1|[{'coupon': None
317454|johnsonjonathan@grant-walsh.org|1592757878227141|1|1195.0|1|[{'coupon': None
317434|hsteele@hotmail.com|1592757795690770|1|1795.0|1|[{'coupon': None
317604|catherineobrien@gmail.com|1592758504733147|2|2140.0|2|[{'coupon': None
317397|davidwilcox@cochran.com|1592757630041855|1|1095.0|1|[{'coupon': None
317313|briana92@evans-walker.org|1592757295792934|1|595.0|1|[{'coupon': None
317477|garyruiz@hotmail.com|1592757963876073|1|1795.0|1|[{'coupon': None
317750|qrandolph72@yahoo.com|1592759286090865|1|945.0|1|[{'coupon': None
317402|gloverheidi@conley.biz|1592757649015639|1|1995.0|1|[{'coupon': None
319093|seanpotter@wright.com|1592764348789201|1|1695.0|1|[{'coupon': None
318783|nclark@yahoo.com|1592763209747973|1|1195.0|1|[{'coupon': None
319297|wsummers@green.com|1592765104877979|1|1045.0|1|[{'coupon': None
319064|amy81@curtis-thomas.com|1592764234365445|1|1095.0|1|[{'coupon': None
320388|dustinkirby@gmail.com|1592769440873244|1|595.0|1|[{'coupon': None
318608|charles55@yahoo.com|1592762558294330|1|1095.0|1|[{'coupon': None
319414|vharris@adams-brooks.com|1592765514299360|2|1254.0|2|[{'coupon': None
319483|fernandezcharles@yahoo.com|1592765754203736|2|1640.0|2|[{'coupon': None
320270|alexmurphy@chen-huynh.com|1592768968463375|1|1045.0|1|[{'coupon': None
320022|leslie36@herring.net|1592767974982668|1|1695.0|1|[{'coupon': None
320131|kristyrios@hunt-lee.com|1592768434228729|1|1045.0|1|[{'coupon': None
320349|mullinsjulie@collins.net|1592769296474390|1|1195.0|1|[{'coupon': None
320368|james76@dillon.com|1592769337372875|1|1195.0|1|[{'coupon': None
321044|thomasjeff@hotmail.com|1592772214136706|1|1045.0|1|[{'coupon': None
321887|powerssarah49@yahoo.com|1592776347638351|2|1104.0|2|[{'coupon': None
321487|fowleryvette@hotmail.com|1592774306337922|1|1095.0|1|[{'coupon': None
320643|dsanchez@day.com|1592770457123113|1|1195.0|1|[{'coupon': None
321828|leonkaren@hotmail.com|1592776054053583|1|1995.0|1|[{'coupon': None
323014|lance58@white.biz|1592783785736017|2|1204.0|2|[{'coupon': None
322334|julie9098@gmail.com|1592779158806420|1|1195.0|1|[{'coupon': None
322980|vmoore@gardner.net|1592783502714747|1|1045.0|1|[{'coupon': None
322834|ellisjackie@johnson.org|1592782524874171|1|1045.0|1|[{'coupon': None
311347|russellmoore@carr.biz|1592704739331730|1|53.1|1|[{'coupon': 'NEWBED10'
316201|novakkaren78@hotmail.com|1592752427666639|1|535.5|1|[{'coupon': 'NEWBED10'
312327|susan66@gmail.com|1592718003072624|1|940.5|1|[{'coupon': 'NEWBED10'
312883|ebauer17@hotmail.com|1592726652513596|1|535.5|1|[{'coupon': 'NEWBED10'
313847|jasmineowens@mccarty-brown.biz|1592737516016742|1|940.5|1|[{'coupon': 'NEWBED10'
320975|thomas9729@gmail.com|1592771878935632|1|940.5|1|[{'coupon': 'NEWBED10'
313976|david71@barrera.com|1592738763669975|1|1795.5|1|[{'coupon': 'NEWBED10'
322997|jeannerobinson@brown.com|1592783659101127|1|1075.5|1|[{'coupon': 'NEWBED10'
313163|alicemercado@velazquez.com|1592730478438734|1|535.5|1|[{'coupon': 'NEWBED10'
312102|egaines53@yahoo.com|1592714268604277|1|535.5|1|[{'coupon': 'NEWBED10'
310584|briannagibbs@browning.com|1592698213827707|2|1071.0|1|[{'coupon': 'NEWBED10'
315836|sally30@woodward-nichols.info|1592750629763075|3|1664.1|3|[{'coupon': 'NEWBED10'
322752|keithflynn@hotmail.com|1592781819354934|1|1615.5|1|[{'coupon': 'NEWBED10'
312702|melissawalters@hotmail.com|1592723950139002|1|1615.5|1|[{'coupon': 'NEWBED10'
313265|fieldsdustin@martin-anthony.info|1592731682251608|1|535.5|1|[{'coupon': 'NEWBED10'
316846|joann48@hotmail.com|1592755344098502|1|1075.5|1|[{'coupon': 'NEWBED10'
312732|staffordkiara@gmail.com|1592724504157319|1|107.10000000000001|1|[{'coupon': 'NEWBED10'
320781|kathy22@hotmail.com|1592771006386021|1|940.5|1|[{'coupon': 'NEWBED10'
322748|sawyerkayla@mclaughlin-meadows.com|1592781808039614|1|535.5|1|[{'coupon': 'NEWBED10'
311093|nichole45@hotmail.com|1592702301240371|1|940.5|1|[{'coupon': 'NEWBED10'
318549|tsmith@ibarra.com|1592762330746319|1|1075.5|1|[{'coupon': 'NEWBED10'
313628|tonyaholder@martinez.biz|1592735543245269|1|1075.5|1|[{'coupon': 'NEWBED10'
316541|jonesrobert@peterson.com|1592754018409364|1|1075.5|1|[{'coupon': 'NEWBED10'
315511|lrobertson@miller.com|1592749056184440|1|1075.5|1|[{'coupon': 'NEWBED10'
314335|elizabeth728@gmail.com|1592741691113608|1|1075.5|1|[{'coupon': 'NEWBED10'
322826|nelsonkaren@stanley-hernandez.biz|1592782448658264|1|53.1|1|[{'coupon': 'NEWBED10'
312384|castanedaemma@gmail.com|1592718955859024|1|1075.5|1|[{'coupon': 'NEWBED10'
321141|hawkinsmichael@higgins.biz|1592772716652432|1|1075.5|1|[{'coupon': 'NEWBED10'
315075|twilliams@hernandez.info|1592746630685628|1|535.5|1|[{'coupon': 'NEWBED10'
310563|javierbriggs@hotmail.com|1592698078800258|2|2840.0|2|[{'coupon': None
311232|sarawilliams16@yahoo.com|1592703604597710|1|595.0|1|[{'coupon': None
313295|garrisongary@williams.com|1592731998666082|1|595.0|1|[{'coupon': None
314000|brownshelby95@yahoo.com|1592738956856459|1|1195.0|1|[{'coupon': None
313665|gbrown25@hotmail.com|1592735902449800|1|595.0|1|[{'coupon': None
314247|maria6811@yahoo.com|1592741164108820|1|595.0|1|[{'coupon': None
314552|austinjohnston@yahoo.com|1592743473893366|1|595.0|1|[{'coupon': None
315532|gcrawford31@yahoo.com|1592749150098664|4|2954.0|4|[{'coupon': None
314699|nstephens@gmail.com|1592744389921784|1|1795.0|1|[{'coupon': None
314946|lisa44@yahoo.com|1592745822380051|1|1045.0|1|[{'coupon': None
316497|jduke@yahoo.com|1592753803363546|1|1195.0|1|[{'coupon': None
315871|lawsonbrian@gmail.com|1592750858873120|2|1790.0|2|[{'coupon': None
316117|nataliehill@gmail.com|1592752011698627|1|1045.0|1|[{'coupon': None
316747|gschultz@gmail.com|1592754903477080|1|595.0|1|[{'coupon': None
316223|nortondaniel@gmail.com|1592752522131175|1|119.0|1|[{'coupon': None
317087|fmorgan19@hotmail.com|1592756396127166|1|1195.0|1|[{'coupon': None
317126|hermancody@ferguson.info|1592756549407182|1|1095.0|1|[{'coupon': None
317193|teresa73@gmail.com|1592756846326559|1|1795.0|1|[{'coupon': None
318750|ucline@ross-alexander.com|1592763047389424|1|1195.0|1|[{'coupon': None
318180|stewartlinda@hotmail.com|1592760948060501|1|1995.0|1|[{'coupon': None
317934|joneskevin@walls.com|1592760018300749|1|595.0|1|[{'coupon': None
319181|mayjoshua@nguyen.com|1592764647856681|1|1195.0|1|[{'coupon': None
318278|kmclean44@hotmail.com|1592761249022492|2|2140.0|2|[{'coupon': None
318443|hubbardtiffany@garcia-summers.biz|1592761888962488|1|1045.0|1|[{'coupon': None
319479|stokeswanda@small.com|1592765731517640|1|595.0|1|[{'coupon': None
318525|jenningsshannon@hotmail.com|1592762231759135|1|595.0|1|[{'coupon': None
319105|melissamitchell@bradley-peters.com|1592764379869066|1|1045.0|1|[{'coupon': None
318532|catherinestevens@gmail.com|1592762275820109|1|1195.0|1|[{'coupon': None
318844|vholt@hotmail.com|1592763413116232|1|1995.0|1|[{'coupon': None
319059|rebeccaalvarado@ewing.com|1592764218619504|1|1795.0|1|[{'coupon': None
320112|gbarnes14@yahoo.com|1592768323579412|1|1045.0|1|[{'coupon': None
319850|ovega@raymond.com|1592767254272231|1|595.0|1|[{'coupon': None
319338|karennolan@gmail.com|1592765243809770|1|1095.0|1|[{'coupon': None
320483|ymiller85@yahoo.com|1592769796541874|1|1195.0|1|[{'coupon': None
319639|powellscott@george.org|1592766370351867|1|1995.0|1|[{'coupon': None
320859|brittany43@martin-hughes.com|1592771410725477|1|1195.0|1|[{'coupon': None
320308|shannongray@hotmail.com|1592769125546424|1|595.0|1|[{'coupon': None
320185|rileypatricia@hotmail.com|1592768663926384|1|945.0|1|[{'coupon': None
321246|rivasstephen@webb.com|1592773281295504|1|595.0|1|[{'coupon': None
320618|anthony35@evans-jacobs.com|1592770362916331|1|1045.0|1|[{'coupon': None
320539|andersonmatthew46@gmail.com|1592770009243585|1|1045.0|1|[{'coupon': None
321299|ricardoadams@yahoo.com|1592773515034639|2|1104.0|2|[{'coupon': None
321451|jessicagarcia@scott.net|1592774164171224|1|945.0|1|[{'coupon': None
321340|rfischer@mcneil.com|1592773687937967|1|595.0|1|[{'coupon': None
321904|summersdavid@hotmail.com|1592776471749608|1|1995.0|1|[{'coupon': None
322319|yangjonathan@hotmail.com|1592779035227714|1|945.0|1|[{'coupon': None
322304|veronica42@gmail.com|1592778924537675|1|595.0|1|[{'coupon': None
322850|wardjessica@gmail.com|1592782576913352|1|1195.0|1|[{'coupon': None
322578|scottmcfarland@andrews.info|1592780622634971|1|1045.0|1|[{'coupon': None
317719|robin88@gmail.com|1592759112865946|1|940.5|1|[{'coupon': 'NEWBED10'
314729|jonathan6064@hotmail.com|1592744551811355|1|1075.5|1|[{'coupon': 'NEWBED10'
313988|andrearowe@hoover.com|1592738860378540|1|850.5|1|[{'coupon': 'NEWBED10'
314982|rebecca63@harrington-burton.org|1592746010161752|1|535.5|1|[{'coupon': 'NEWBED10'
312317|joshua94@mcdonald-lee.net|1592717894647175|1|1075.5|1|[{'coupon': 'NEWBED10'
321956|lbenson@yahoo.com|1592776751186480|1|940.5|1|[{'coupon': 'NEWBED10'
311938|amandapaul@hotmail.com|1592712129156217|1|1795.5|1|[{'coupon': 'NEWBED10'
314231|yanderson35@hotmail.com|1592741019531356|4|2437.2|3|[{'coupon': 'NEWBED10'
311467|zgarrison@yahoo.com|1592706113777141|1|940.5|1|[{'coupon': 'NEWBED10'
311068|karadickson@higgins-martinez.biz|1592702093846729|1|1615.5|1|[{'coupon': 'NEWBED10'
312782|michaelmoore@smith.com|1592725292205437|1|535.5|1|[{'coupon': 'NEWBED10'
312834|besttroy@yahoo.com|1592726012848282|1|1525.5|1|[{'coupon': 'NEWBED10'
315790|xjones34@hotmail.com|1592750413341175|1|535.5|1|[{'coupon': 'NEWBED10'
318579|samanthawilson@burke.com|1592762437687954|1|940.5|1|[{'coupon': 'NEWBED10'
318237|pmurray@gmail.com|1592761132826181|1|1075.5|1|[{'coupon': 'NEWBED10'
312157|christophercruz@smith.com|1592715161871979|1|850.5|1|[{'coupon': 'NEWBED10'
316471|timothymontoya@smith.com|1592753705990178|1|850.5|1|[{'coupon': 'NEWBED10'
313924|johnsonaaron@hotmail.com|1592738294526243|1|1075.5|1|[{'coupon': 'NEWBED10'
312745|tamarawells@gmail.com|1592724710592553|1|535.5|1|[{'coupon': 'NEWBED10'
322473|umccarthy@taylor.net|1592779993222953|1|1615.5|1|[{'coupon': 'NEWBED10'
310728|jeffrey8311@gmail.com|1592699353736926|1|940.5|1|[{'coupon': 'NEWBED10'
321617|vspencer@hughes-barnett.com|1592775024377747|1|535.5|1|[{'coupon': 'NEWBED10'
311637|tknight@sanchez.com|1592708325494629|1|1075.5|1|[{'coupon': 'NEWBED10'
315315|jonesamber@kelley.com|1592747964211526|1|1795.5|1|[{'coupon': 'NEWBED10'
313896|krystalmorales@hotmail.com|1592738023979290|1|1525.5|1|[{'coupon': 'NEWBED10'
314477|morriskenneth@lynch-hernandez.net|1592742851556000|1|850.5|1|[{'coupon': 'NEWBED10'
311129|rmorgan@yahoo.com|1592702609664639|1|535.5|1|[{'coupon': 'NEWBED10'
314108|amoore43@gmail.com|1592739941817814|2|1011.6|2|[{'coupon': 'NEWBED10'
318287|james92@yahoo.com|1592761297234033|1|940.5|1|[{'coupon': 'NEWBED10'
317139|lmurphy68@hotmail.com|1592756599702000|1|1795.5|1|[{'coupon': 'NEWBED10'
311349|jacquelinesilva@hernandez.org|1592704746165310|1|1075.5|1|[{'coupon': 'NEWBED10'
312716|lopezjorge@hotmail.com|1592724171195193|2|1092.6|2|[{'coupon': 'NEWBED10'
315115|fitzgeraldcraig@gmail.com|1592746878372443|2|588.6|2|[{'coupon': 'NEWBED10'
314460|erika91@yahoo.com|1592742751485200|1|535.5|1|[{'coupon': 'NEWBED10'
312833|harold09@hotmail.com|1592726010187445|1|53.1|1|[{'coupon': 'NEWBED10'
311264|cartermorgan@james.info|1592703894648138|1|535.5|1|[{'coupon': 'NEWBED10'
311007|qnorman@sullivan.net|1592701541274406|1|595.0|1|[{'coupon': None
310561|sandraschmidt@edwards.net|1592698072453159|1|595.0|1|[{'coupon': None
311975|mcphersonmarcus@gmail.com|1592712536428888|2|1854.0|2|[{'coupon': None
313704|jeremycalhoun@gmail.com|1592736233302383|1|1695.0|1|[{'coupon': None
313902|theresa95@gmail.com|1592738111204345|1|595.0|1|[{'coupon': None
314588|mitchellbrandy@lopez.info|1592743627958559|1|595.0|1|[{'coupon': None
314094|mosesdavid@hotmail.com|1592739751431523|1|1195.0|1|[{'coupon': None
314586|nelsonjohn76@hotmail.com|1592743608956171|1|1195.0|1|[{'coupon': None
314737|alex82@jenkins-smith.com|1592744610262722|1|945.0|1|[{'coupon': None
315024|alexis23@hotmail.com|1592746293389257|1|595.0|1|[{'coupon': None
315040|matthew63@gmail.com|1592746399249028|1|1995.0|1|[{'coupon': None
314959|jennifergonzalez@gmail.com|1592745887679506|2|1104.0|2|[{'coupon': None
315692|briannawilliams@terry.org|1592749943502580|1|1195.0|1|[{'coupon': None
315202|uthompson57@yahoo.com|1592747361310363|1|595.0|1|[{'coupon': None
315631|andersoncarmen@le.com|1592749619975860|1|595.0|1|[{'coupon': None
316033|edaugherty@myers.net|1592751648765883|1|595.0|1|[{'coupon': None
315441|jameswilliams@gmail.com|1592748657204204|1|1045.0|1|[{'coupon': None
315807|colemanlori@martin-turner.com|1592750515674118|1|595.0|1|[{'coupon': None
315964|fsmith78@hotmail.com|1592751376306204|1|945.0|1|[{'coupon': None
316124|kerrsarah@schmidt.com|1592752030244277|1|595.0|1|[{'coupon': None
316229|ashleysimpson@gmail.com|1592752552664123|1|1195.0|1|[{'coupon': None
316467|fernandezthomas@white-rogers.net|1592753682803917|1|1195.0|1|[{'coupon': None
316883|nicole64@jones.com|1592755508260330|1|1045.0|1|[{'coupon': None
316724|newtonalicia@tran.com|1592754817116505|1|1045.0|1|[{'coupon': None
317106|alexander07@daniels.net|1592756473717207|1|1045.0|1|[{'coupon': None
317418|josehoward@gmail.com|1592757709379712|1|945.0|1|[{'coupon': None
317779|vblair@nguyen.com|1592759373749124|1|119.0|1|[{'coupon': None
318749|jacob01@yahoo.com|1592763044854130|1|1045.0|1|[{'coupon': None
318707|spencermartinez@wood.com|1592762900292182|2|654.0|2|[{'coupon': None
320072|james41@warren.info|1592768171627914|2|2090.0|1|[{'coupon': None
320469|jillgarcia@yahoo.com|1592769768722469|1|945.0|1|[{'coupon': None
319564|hestrada@ayers.com|1592766049571219|1|1045.0|1|[{'coupon': None
321240|kimberlyrodriguez@gmail.com|1592773255281784|1|119.0|1|[{'coupon': None
319565|abarr@mitchell-valdez.biz|1592766052750308|1|1195.0|1|[{'coupon': None
321832|jgarza@miller.com|1592776088373998|1|1045.0|1|[{'coupon': None
322512|hernandezrobin@hotmail.com|1592780189273440|1|1995.0|1|[{'coupon': None
322119|brendaharris@hotmail.com|1592777722637926|2|2114.0|2|[{'coupon': None
322327|bmiller82@gmail.com|1592779125659752|1|1195.0|1|[{'coupon': None
322583|lawrencephillips@simmons-lawson.com|1592780681382560|1|59.0|1|[{'coupon': None
312492|cynthianelson@robertson-cox.biz|1592720502330787|1|940.5|1|[{'coupon': 'NEWBED10'
310982|shawtiffany@quinn-green.com|1592701372188363|1|1075.5|1|[{'coupon': 'NEWBED10'
311676|lutzheather@yahoo.com|1592708697978122|1|850.5|1|[{'coupon': 'NEWBED10'
312283|vincentoneal@ramirez.com|1592717371695598|1|940.5|1|[{'coupon': 'NEWBED10'
311952|joseph7346@yahoo.com|1592712251162916|1|850.5|1|[{'coupon': 'NEWBED10'
322241|anthony92@jennings-harvey.com|1592778515594579|1|535.5|1|[{'coupon': 'NEWBED10'
315102|zlester@hotmail.com|1592746798083276|1|940.5|1|[{'coupon': 'NEWBED10'
310602|zacharyweiss@gmail.com|1592698348948958|1|535.5|1|[{'coupon': 'NEWBED10'
311831|kenneth36@henderson-johnson.com|1592710752816582|1|1615.5|1|[{'coupon': 'NEWBED10'
313522|danielsmith@hays.com|1592734466340306|1|1075.5|1|[{'coupon': 'NEWBED10'
319782|jason97@mitchell.com|1592766999090242|1|1615.5|1|[{'coupon': 'NEWBED10'
311945|rebecca93@fox.com|1592712177195971|1|940.5|1|[{'coupon': 'NEWBED10'
322837|nicholasmiller@riley-grant.com|1592782540415848|2|903.6|2|[{'coupon': 'NEWBED10'
311983|patricia14@rivas-mckay.com|1592712585874649|1|850.5|1|[{'coupon': 'NEWBED10'
318777|burnettkimberly@yahoo.com|1592763189056670|1|1075.5|1|[{'coupon': 'NEWBED10'
319117|garciaregina@sanders-bailey.biz|1592764417056311|2|1881.0|1|[{'coupon': 'NEWBED10'
